"seed","id","scenario","blue","blueCount","blueValue","red","redCount","redValue","winner","reason","ticks","blueAlive","redAlive","blueValueLeft","redValueLeft","blueDealt","redDealt","blueKills","redKills","blueFirstTick","blueFirstDistance","blueMaxDistance","redFirstTick","redFirstDistance","redMaxDistance","friendlyDamage"
"1","1","1v1","e1","1","100","e2","1","160","red","decided","270","0","1","0","34","3945","5850","0","1","173","3","3","222","3","3","0"
"1","2","cost","e1","36","3600","e2","23","3680","blue","decided","270","24","0","1396","0","121523","120875","23","12","134","3","4.5","169","-1","5","0"
"1","3","cost-spotted","e1","36","3600","e2","23","3680","blue","decided","270","25","0","1365","0","121646","121300","23","11","134","3","4.5","169","3.2","4.1","0"
"1","5","cost","e1","36","3600","e3","12","3600","blue","decided","315","36","0","3333","0","56889","13346","12","0","191","3.2","4.5","174","3","6","0"
"1","6","cost-spotted","e1","36","3600","e3","12","3600","blue","decided","320","36","0","3361","0","58337","11939","12","0","191","3.2","4.5","174","3","6","0"
"1","4","1v1","e1","1","100","e3","1","300","blue","decided","345","1","0","72","0","4500","1400","1","0","261","3","3","227","4","4","0"
"1","10","1v1","e1","1","100","e5","1","300","red","decided","215","0","1","0","250","1500","5600","0","1","210","2","2","212","-1","-1","0"
"1","7","1v1","e1","1","100","e4","1","200","red","decided","270","0","1","0","133","3000","6600","0","1","210","2","2","212","2","2","0"
"1","8","cost","e1","36","3600","e4","18","3600","blue","decided","320","29","0","2222","0","167882","79622","18","7","153","3.2","4.5","155","3.2","4.1","0"
"1","9","cost-spotted","e1","36","3600","e4","18","3600","blue","decided","320","25","0","1879","0","168488","98674","18","11","153","3.2","4.5","155","3.2","4.1","0"
"1","11","cost","e1","36","3600","e5","12","3600","blue","decided","275","30","0","2456","0","111589","61656","12","6","153","3.2","4.5","155","3.2","4.1","0"
"1","12","cost-spotted","e1","36","3600","e5","12","3600","blue","decided","280","31","0","2597","0","111061","53508","12","5","153","3.2","4.5","155","3.2","4.1","0"
"1","13","1v1","e1","1","100","rmbo","1","1500","red","decided","155","0","1","0","1500","0","10000","0","1","-1","-1","-1","152","-1","-1","0"
"1","16","1v1","e1","1","100","jeep","1","400","red","decided","135","0","1","0","380","800","5173","0","1","115","2","2","114","2","2","0"
"1","14","cost","e1","36","3600","rmbo","2","3000","blue","decided","230","31","0","3100","0","30375","50000","2","5","153","3.2","4.2","107","-1","-1","0"
"1","15","cost-spotted","e1","36","3600","rmbo","2","3000","blue","decided","250","32","0","3200","0","30000","36500","2","4","172","3.2","4.2","107","-1","-1","0"
"1","17","cost","e1","36","3600","jeep","9","3600","red","decided","305","0","7","0","1950","66264","192235","2","36","92","3","4.2","85","2","4.5","0"
"1","18","cost-spotted","e1","36","3600","jeep","9","3600","red","decided","315","0","6","0","1905","68328","193541","3","36","92","3","4.1","80","2","5.1","0"
"1","19","1v1","e1","1","100","apc","1","600","red","decided","410","0","1","0","559","1300","5055","0","1","148","2","2","112","3","3","0"
"1","22","1v1","e1","1","100","mtnk","1","900","red","decided","530","0","1","0","864","1800","5070","0","1","175","3","3","167","3","3","0"
"1","25","1v1","e1","1","100","htnk","1","1800","red","decided","290","0","1","0","1794","300","5700","0","1","242","2","2","209","2","2","0"
"1","20","cost","e1","36","3600","apc","6","3600","blue","decided","920","25","0","2136","0","114300","74120","6","11","96","3.2","4.2","84","3","4.1","0"
"1","21","cost-spotted","e1","36","3600","apc","6","3600","blue","decided","940","26","0","2162","0","114285","72802","6","10","96","3.2","4.2","84","3","4.1","0"
"1","28","1v1","e1","1","100","msam","1","900","red","decided","410","0","1","0","630","3600","5286","0","1","243","3","3.2","161","5","5","0"
"1","29","cost","e1","36","3600","msam","4","3600","blue","decided","425","29","0","1614","0","49046","99650","4","7","192","3.6","4.1","119","8.2","12.2","0"
"1","24","cost-spotted","e1","36","3600","mtnk","4","3600","blue","decided","1320","29","0","2428","0","180160","59835","4","7","134","3.2","4.2","130","3","4.5","0"
"1","23","cost","e1","36","3600","mtnk","4","3600","blue","decided","1360","28","0","2428","0","180210","59344","4","8","134","3.2","4.2","127","3","4.5","0"
"1","31","1v1","e1","1","100","bggy","1","300","red","decided","140","0","1","0","290","400","5250","0","1","126","2","2","98","2","2","0"
"1","26","cost","e1","36","3600","htnk","2","3600","red","decided","1050","0","2","0","1974","78600","191508","0","36","171","3","4.1","157","2","5","0"
"1","27","cost-spotted","e1","36","3600","htnk","2","3600","red","decided","1085","0","2","0","1926","80900","193306","0","36","172","2.8","4.1","156","2","5.1","0"
"1","30","cost-spotted","e1","36","3600","msam","4","3600","blue","decided","480","25","0","1336","0","48824","114845","4","11","285","3.6","4.2","100","11.2","13.2","0"
"1","33","cost-spotted","e1","36","3600","bggy","12","3600","red","decided","340","0","6","0","1315","92246","194631","6","36","77","2.8","4.1","74","2","5","0"
"1","32","cost","e1","36","3600","bggy","12","3600","red","decided","400","0","5","0","958","106778","195288","7","36","77","2.8","4.1","74","2","5.4","0"
"1","35","cost","e1","36","3600","bike","7","3500","blue","decided","355","35","0","3121","0","78920","24132","7","1","96","3.2","4.2","78","3","7","0"
"1","34","1v1","e1","1","100","bike","1","500","red","decided","525","0","1","0","136","8000","5070","0","1","126","3","3","98","3","3","0"
"1","36","cost-spotted","e1","36","3600","bike","7","3500","blue","decided","330","35","0","3137","0","78364","23167","7","1","77","3.2","4.2","78","4","6.3","0"
"1","40","1v1","e1","1","100","ftnk","1","600","red","decided","160","0","1","0","598","100","8200","0","1","153","2","2","160","-1","-1","0"
"1","37","1v1","e1","1","100","ltnk","1","750","red","decided","590","0","1","0","698","2200","5100","0","1","161","2","2","141","2","2","0"
"1","41","cost","e1","36","3600","ftnk","6","3600","red","decided","350","0","6","0","3212","17453","242679","0","36","115","2.2","4.2","127","2.2","5.1","0"
"1","42","cost-spotted","e1","36","3600","ftnk","6","3600","red","decided","350","0","6","0","3203","17850","243622","0","36","115","2.2","4.2","127","2.2","5.1","0"
"1","43","1v1","e1","1","100","stnk","1","900","red","decided","370","0","1","0","660","4000","5233","0","1","172","3","3","125","4","4","0"
"1","44","cost","e1","36","3600","stnk","4","3600","blue","decided","290","35","0","3148","0","61000","22630","4","1","115","3.2","4.1","98","3","5","0"
"1","45","cost-spotted","e1","36","3600","stnk","4","3600","blue","decided","285","35","0","3137","0","60600","23330","4","1","134","3.2","4.1","96","4","5","0"
"1","46","1v1","e1","1","100","arty","1","600","red","decided","325","0","1","0","440","2000","14420","0","1","199","2","3.2","178","3","3","0"
"1","38","cost","e1","36","3600","ltnk","5","3750","blue","decided","1100","30","0","2791","0","160110","40916","5","6","112","3.2","4.2","104","2","4","0"
"1","39","cost-spotted","e1","36","3600","ltnk","5","3750","blue","decided","1140","30","0","2728","0","160350","43982","5","6","112","3.2","4.2","112","2","4","0"
"1","49","1v1","e1","1","100","mlrs","1","600","red","decided","190","0","1","0","573","800","5000","0","1","153","2","2","190","-1","-1","0"
"1","47","cost","e1","36","3600","arty","6","3600","red","decided","540","0","2","0","459","39688","311254","4","36","153","3.2","4.1","135","6","11","0"
"1","48","cost-spotted","e1","36","3600","arty","6","3600","red","decided","580","0","1","0","197","43096","284158","5","36","210","3","4.1","123","11","12","0"
"1","50","cost","e1","36","3600","mlrs","6","3600","blue","decided","495","25","0","2206","0","108548","78704","6","11","115","2.2","5.4","140","2.2","5","0"
"1","55","1v1","e1","1","100","heli","1","1200","red","decided","135","0","1","0","1200","0","5200","0","1","-1","-1","-1","114","3","3","0"
"1","51","cost-spotted","e1","36","3600","mlrs","6","3600","blue","decided","615","27","0","2391","0","108558","63901","6","9","115","2.2","5","140","2.2","5","0"
"1","52","1v1","e1","1","100","orca","1","1200","red","decided","530","0","1","0","1200","0","5392","0","1","-1","-1","-1","121","3","5","0"
"1","58","1v1","e2","1","160","e3","1","300","blue","decided","305","1","0","126","0","6750","1050","1","0","254","3","3","199","3","3","0"
"1","59","cost","e2","23","3680","e3","12","3600","blue","decided","355","23","0","3208","0","59524","14739","12","0","204","3.2","5.1","149","4","6","0"
"1","61","1v1","e2","1","160","e4","1","200","red","decided","250","0","1","0","138","2800","6600","0","1","212","2","2","193","2","2","0"
"1","60","cost-spotted","e2","23","3680","e3","12","3600","blue","decided","345","23","0","3174","0","61375","15807","12","0","202","3.2","5.4","149","4","5.4","0"
"1","62","cost","e2","23","3680","e4","18","3600","blue","decided","305","15","0","1773","0","175985","72774","18","8","168","2.2","5.4","154","3","4.5","0"
"1","63","cost-spotted","e2","23","3680","e4","18","3600","blue","decided","315","15","0","1772","0","172473","71818","18","8","168","-1","5","154","3","4.5","0"
"1","64","1v1","e2","1","160","e5","1","300","red","decided","195","0","1","0","300","0","5600","0","1","-1","-1","-1","192","-1","-1","0"
"1","56","cost","e1","36","3600","heli","3","3600","none","stalemate","1510","23","3","2263","3600","0","72040","0","13","-1","-1","-1","88","3","5","0"
"1","65","cost","e2","23","3680","e5","12","3600","blue","decided","280","19","0","2417","0","116098","42579","12","4","168","-1","4.5","154","3","4.1","0"
"1","67","1v1","e2","1","160","rmbo","1","1500","red","decided","140","0","1","0","1500","0","10000","0","1","-1","-1","-1","137","-1","-1","0"
"1","57","cost-spotted","e1","36","3600","heli","3","3600","none","stalemate","1575","22","3","2200","3600","0","76380","0","14","-1","-1","-1","89","3","4.1","0"
"1","66","cost-spotted","e2","23","3680","e5","12","3600","blue","decided","300","18","0","2425","0","115850","43631","12","5","171","-1","5.1","154","3","4.1","0"
"1","70","1v1","e2","1","160","jeep","1","400","red","decided","120","0","1","0","400","0","5173","0","1","-1","-1","-1","100","2","2","0"
"1","68","cost","e2","23","3680","rmbo","2","3000","blue","decided","285","17","0","2641","0","33050","47893","2","6","187","3.2","5","107","-1","4.1","0"
"1","69","cost-spotted","e2","23","3680","rmbo","2","3000","blue","decided","290","18","0","2831","0","30762","48038","2","5","187","-1","5.1","92","-1","-1","0"
"1","71","cost","e2","23","3680","jeep","9","3600","red","decided","260","0","4","0","447","128350","124027","5","23","114","-1","5.4","79","3","4.5","0"
"1","72","cost-spotted","e2","23","3680","jeep","9","3600","red","decided","245","0","5","0","615","128798","125859","4","23","115","-1","5.4","79","3","4.1","0"
"1","73","1v1","e2","1","160","apc","1","600","red","decided","400","0","1","0","278","10200","5016","0","1","143","3","3","104","3","3","0"
"1","74","cost","e2","23","3680","apc","6","3600","blue","decided","335","21","0","2869","0","116330","25470","6","2","126","3.2","5.1","77","3","4.1","0"
"1","75","cost-spotted","e2","23","3680","apc","6","3600","blue","decided","320","21","0","2944","0","118193","23121","6","2","124","3.2","5.1","78","3","4.1","0"
"1","76","1v1","e2","1","160","mtnk","1","900","red","decided","550","0","1","0","636","13209","5220","0","1","188","3","3","148","3","3","0"
"1","79","1v1","e2","1","160","htnk","1","1800","red","decided","260","0","1","0","1765","1700","5469","0","1","230","2","2","183","2","2","0"
"1","77","cost","e2","23","3680","mtnk","4","3600","blue","decided","420","22","0","3045","0","182501","20044","4","1","158","3.2","4.5","116","3","4","0"
"1","78","cost-spotted","e2","23","3680","mtnk","4","3600","blue","decided","420","22","0","3068","0","184094","19340","4","1","159","3.2","4.5","115","3","4","0"
"1","82","1v1","e2","1","160","msam","1","900","red","decided","375","0","1","0","153","9960","5070","0","1","236","3.2","3.2","146","5","5","0"
"1","81","cost-spotted","e2","23","3680","htnk","2","3600","blue","decided","500","15","0","1544","0","175915","69245","2","8","183","2.2","5.1","138","3","4.5","0"
"1","80","cost","e2","23","3680","htnk","2","3600","blue","decided","510","15","0","1412","0","175031","74248","2","8","183","2.2","5.1","138","3","4.5","0"
"1","83","cost","e2","23","3680","msam","4","3600","blue","decided","430","10","0","644","0","55258","96312","4","13","183","3","4.5","115","7.1","12.2","0"
"1","85","1v1","e2","1","160","bggy","1","300","red","decided","135","0","1","0","200","4000","5250","0","1","127","3","3","92","3","3","0"
"1","86","cost","e2","23","3680","bggy","12","3600","red","decided","255","0","4","0","738","125728","122760","8","23","106","-1","5.1","74","2","5.4","0"
"1","87","cost-spotted","e2","23","3680","bggy","12","3600","red","decided","280","0","2","0","277","145612","122505","10","23","107","-1","5","73","2","5.1","0"
"1","84","cost-spotted","e2","23","3680","msam","4","3600","blue","decided","415","13","0","471","0","55317","101487","4","10","247","4.1","5.1","99","11","13","0"
"1","88","1v1","e2","1","160","bike","1","500","blue","decided","225","1","0","112","0","12000","1490","1","0","126","3","3","95","3","3","0"
"1","89","cost","e2","23","3680","bike","7","3500","blue","decided","305","22","0","3191","0","86036","15392","7","1","110","3","5.4","74","4","6.1","0"
"1","90","cost-spotted","e2","23","3680","bike","7","3500","blue","decided","265","22","0","3248","0","85308","13651","7","1","109","3","5.4","74","3","6","0"
"1","53","cost","e1","36","3600","orca","3","3600","none","timeout","4500","15","3","1288","3600","0","120388","0","21","-1","-1","-1","95","0","6.1","0"
"1","94","1v1","e2","1","160","ftnk","1","600","red","decided","145","0","1","0","600","0","8200","0","1","-1","-1","-1","141","-1","-1","0"
"1","92","cost","e2","23","3680","ltnk","5","3750","blue","decided","450","21","0","3208","0","161654","14940","5","2","135","2.2","5.4","98","2","4","0"
"1","54","cost-spotted","e1","36","3600","orca","3","3600","none","timeout","4500","21","3","1878","3600","0","89680","0","15","-1","-1","-1","95","0","6.1","0"
"1","91","1v1","e2","1","160","ltnk","1","750","red","decided","580","0","1","0","391","15300","5082","0","1","168","2","2","128","2","2","0"
"1","95","cost","e2","23","3680","ftnk","6","3600","red","decided","260","0","6","0","2211","62493","147716","0","23","142","-1","6","109","3.2","5.1","0"
"1","93","cost-spotted","e2","23","3680","ltnk","5","3750","blue","decided","455","21","0","3214","0","164485","14752","5","2","134","2.2","5.4","94","2","4","0"
"1","96","cost-spotted","e2","23","3680","ftnk","6","3600","red","decided","275","0","4","0","1134","113669","154651","2","23","143","-1","5.1","109","3.2","5.1","0"
"1","98","cost","e2","23","3680","stnk","4","3600","blue","decided","270","22","0","3111","0","69110","17823","4","1","143","3.2","5.1","91","3","5","0"
"1","99","cost-spotted","e2","23","3680","stnk","4","3600","blue","decided","270","22","0","3063","0","62130","19603","4","1","142","3.2","5.1","90","4","5.1","0"
"1","97","1v1","e2","1","160","stnk","1","900","blue","decided","335","1","0","10","0","15880","4687","1","0","184","3","3","116","4","4","0"
"1","100","1v1","e2","1","160","arty","1","600","red","decided","295","0","1","0","427","2160","14140","0","1","282","3.2","3.2","161","3","3","0"
"1","101","cost","e2","23","3680","arty","6","3600","red","decided","375","0","3","0","1787","27208","181356","3","23","171","3.2","4.1","125","6","10.2","0"
"1","102","cost-spotted","e2","23","3680","arty","6","3600","red","decided","380","0","3","0","1612","28632","183494","3","23","205","-1","4.1","114","9.1","12","0"
"1","105","cost-spotted","e2","23","3680","mlrs","6","3600","blue","decided","430","12","0","1643","0","114822","70516","6","11","135","2","5","134","-1","4.5","0"
"1","104","cost","e2","23","3680","mlrs","6","3600","blue","decided","460","7","0","1087","0","115162","89442","6","16","134","-1","5.4","134","-1","3.6","0"
"1","103","1v1","e2","1","160","mlrs","1","600","blue","decided","505","1","0","160","0","18680","0","1","0","306","3.2","3.2","-1","-1","-1","0"
"1","109","1v1","e2","1","160","heli","1","1200","red","decided","130","0","1","0","1200","0","5092","0","1","-1","-1","-1","108","3","3","0"
"1","106","1v1","e2","1","160","orca","1","1200","red","decided","525","0","1","0","1200","0","5164","0","1","-1","-1","-1","115","3","6","0"
"1","112","1v1","e3","1","300","e4","1","200","red","decided","320","0","1","0","194","283","6600","0","1","228","3","3","263","3","3","0"
"1","113","cost","e3","12","3600","e4","18","3600","red","decided","385","0","18","0","3236","16361","70884","0","12","174","3","5.1","204","3","4.1","0"
"1","115","1v1","e3","1","300","e5","1","300","red","decided","265","0","1","0","294","189","5600","0","1","228","3","3","263","-1","-1","0"
"1","114","cost-spotted","e3","12","3600","e4","18","3600","red","decided","370","0","18","0","3307","13175","70224","0","12","174","3","5.1","204","3","4.1","0"
"1","116","cost","e3","12","3600","e5","12","3600","red","decided","390","0","12","0","3061","16163","70616","0","12","174","3","5","204","-1","4.1","0"
"1","117","cost-spotted","e3","12","3600","e5","12","3600","red","decided","390","0","12","0","3040","16812","72380","0","12","174","3","5.1","204","-1","4.1","0"
"1","111","cost-spotted","e2","23","3680","heli","3","3600","none","stalemate","1435","10","3","1589","3600","0","72124","0","13","-1","-1","-1","84","3","4.1","0"
"1","110","cost","e2","23","3680","heli","3","3600","none","stalemate","1490","10","3","1591","3600","0","71512","0","13","-1","-1","-1","85","2","4.1","0"
"1","118","1v1","e3","1","300","rmbo","1","1500","red","decided","170","0","1","0","1500","0","10000","0","1","-1","-1","-1","167","-1","-1","0"
"1","121","1v1","e3","1","300","jeep","1","400","red","decided","140","0","1","0","313","3500","5173","0","1","120","3","3","120","3","3","0"
"1","122","cost","e3","12","3600","jeep","9","3600","red","decided","210","0","6","0","2327","56845","58247","3","12","92","3","5.1","91","3","4.5","0"
"1","119","cost","e3","12","3600","rmbo","2","3000","red","decided","525","0","2","0","2205","7948","120000","0","12","152","5.1","6.1","122","-1","-1","0"
"1","123","cost-spotted","e3","12","3600","jeep","9","3600","red","decided","210","0","6","0","2133","63439","59017","3","12","92","3","5.1","93","3","4.5","0"
"1","120","cost-spotted","e3","12","3600","rmbo","2","3000","red","decided","565","0","2","0","2011","9892","120000","0","12","178","-1","6.1","122","-1","-1","0"
"1","124","1v1","e3","1","300","apc","1","600","red","decided","380","0","1","0","47","17500","4554","0","1","151","3","3","121","3","3","0"
"1","125","cost","e3","12","3600","apc","6","3600","blue","decided","325","10","0","2696","0","125490","13674","6","2","116","4","7","91","3","4.5","0"
"1","126","cost-spotted","e3","12","3600","apc","6","3600","blue","decided","325","10","0","2728","0","126925","13185","6","2","116","4","6.1","91","3","4.5","0"
"1","127","1v1","e3","1","300","mtnk","1","900","red","decided","470","0","1","0","550","17500","4500","0","1","197","3","3","189","3","3","0"
"1","130","1v1","e3","1","300","htnk","1","1800","red","decided","315","0","1","0","1655","7000","5382","0","1","252","3","3","248","3","3","0"
"1","128","cost","e3","12","3600","mtnk","4","3600","blue","decided","420","10","0","2806","0","183965","11915","4","2","147","3","6.1","143","3","4.1","0"
"1","129","cost-spotted","e3","12","3600","mtnk","4","3600","blue","decided","460","10","0","2791","0","183965","12140","4","2","147","3","6.1","147","3","4.1","0"
"1","133","1v1","e3","1","300","msam","1","900","blue","decided","370","1","0","24","0","14000","4137","1","0","204","5","5","186","5","5","0"
"1","131","cost","e3","12","3600","htnk","2","3600","red","decided","660","0","1","0","56","171780","59049","1","12","189","4","5","183","3","5","0"
"1","132","cost-spotted","e3","12","3600","htnk","2","3600","blue","decided","555","4","0","759","0","175280","45577","2","8","178","5","5","198","4","4.1","0"
"1","134","cost","e3","12","3600","msam","4","3600","red","decided","460","0","2","0","1798","28024","55122","2","12","195","5","5.1","132","8","12.2","0"
"1","136","1v1","e3","1","300","bggy","1","300","red","decided","125","0","1","0","213","3500","4500","0","1","115","2","2","104","2","2","0"
"1","137","cost","e3","12","3600","bggy","12","3600","red","decided","205","0","8","0","1871","76511","56398","4","12","90","4","6","80","3","5.4","0"
"1","138","cost-spotted","e3","12","3600","bggy","12","3600","red","decided","190","0","10","0","2473","49753","56515","2","12","90","4","6.1","80","3","4.5","0"
"1","135","cost-spotted","e3","12","3600","msam","4","3600","red","decided","450","0","4","0","2813","10500","55431","0","12","399","6.1","6.1","113","11","14","0"
"1","139","1v1","e3","1","300","bike","1","500","blue","decided","290","1","0","137","0","14000","2450","1","0","122","4","4","105","4","4","0"
"1","141","cost-spotted","e3","12","3600","bike","7","3500","blue","decided","305","11","0","2904","0","85272","10544","7","1","94","5","6.3","83","5","6","0"
"1","140","cost","e3","12","3600","bike","7","3500","blue","decided","365","10","0","2739","0","86830","13250","7","2","94","5","7","83","4","6","0"
"1","145","1v1","e3","1","300","ftnk","1","600","red","decided","175","0","1","0","522","3500","8200","0","1","171","3","3","174","-1","-1","0"
"1","142","1v1","e3","1","300","ltnk","1","750","red","decided","545","0","1","0","176","24500","4500","0","1","170","2","2","153","2","2","0"
"1","143","cost","e3","12","3600","ltnk","5","3750","blue","decided","375","11","0","3033","0","175335","8502","5","1","120","3","6","121","3","4","0"
"1","107","cost","e2","23","3680","orca","3","3600","none","timeout","4500","5","3","606","3600","0","98997","0","18","-1","-1","-1","90","1","8.1","0"
"1","108","cost-spotted","e2","23","3680","orca","3","3600","none","timeout","4500","10","3","1405","3600","0","73141","0","13","-1","-1","-1","90","1","6","0"
"1","144","cost-spotted","e3","12","3600","ltnk","5","3750","blue","decided","375","11","0","3035","0","175320","8472","5","1","119","3","6","118","3","4","0"
"1","146","cost","e3","12","3600","ftnk","6","3600","red","decided","275","0","4","0","1554","94475","75703","2","12","123","3","6","141","-1","5.1","0"
"1","148","1v1","e3","1","300","stnk","1","900","red","decided","310","0","1","0","270","10500","4754","0","1","152","5","5","135","5","5","0"
"1","147","cost-spotted","e3","12","3600","ftnk","6","3600","red","decided","345","0","4","0","1323","104835","76950","2","12","122","4","6","141","3","5.1","0"
"1","151","1v1","e3","1","300","arty","1","600","red","decided","260","0","1","0","40","7000","10500","0","1","204","5","5","196","5","5","0"
"1","150","cost-spotted","e3","12","3600","stnk","4","3600","blue","decided","350","10","0","2243","0","69475","21018","4","2","126","5.1","7","103","5","8","0"
"1","149","cost","e3","12","3600","stnk","4","3600","blue","decided","380","9","0","2384","0","66710","19945","4","3","125","5","7.1","104","5","8","0"
"1","154","1v1","e3","1","300","mlrs","1","600","red","decided","215","0","1","0","483","3500","4500","0","1","170","2","2","212","-1","-1","0"
"1","152","cost","e3","12","3600","arty","6","3600","red","decided","350","0","3","0","1621","30936","90650","3","12","152","-1","6.1","151","-1","11","0"
"1","153","cost-spotted","e3","12","3600","arty","6","3600","red","decided","340","0","6","0","3040","7000","80920","0","12","320","6.1","6.1","133","10","11","0"
"1","157","1v1","e3","1","300","orca","1","1200","blue","decided","260","1","0","112","0","10500","2816","1","0","146","3","3","130","3","3","0"
"1","156","cost-spotted","e3","12","3600","mlrs","6","3600","blue","decided","350","11","0","2611","0","116489","15767","6","1","123","3","6","150","-1","2.2","0"
"1","158","cost","e3","12","3600","orca","3","3600","blue","decided","235","11","0","3174","0","31500","6662","3","1","110","2","5.1","101","1","4.1","0"
"1","160","1v1","e3","1","300","heli","1","1200","red","decided","145","0","1","0","1200","0","5200","0","1","-1","-1","-1","121","4","4","0"
"1","159","cost-spotted","e3","12","3600","orca","3","3600","blue","decided","235","11","0","3191","0","31500","6346","3","1","110","2","5.1","102","1","4.1","0"
"1","161","cost","e3","12","3600","heli","3","3600","blue","decided","250","6","0","1563","0","42875","35292","3","6","109","1","5.1","95","3","5","0"
"1","162","cost-spotted","e3","12","3600","heli","3","3600","blue","decided","245","7","0","1846","0","43785","29924","3","5","109","1","5.1","97","2","4.1","0"
"1","166","1v1","e4","1","200","rmbo","1","1500","red","decided","155","0","1","0","1500","0","10000","0","1","-1","-1","-1","152","-1","-1","0"
"1","163","1v1","e4","1","200","e5","1","300","red","decided","345","0","1","0","7","8800","11200","0","1","212","2","2","212","2","2","0"
"1","165","cost-spotted","e4","18","3600","e5","12","3600","blue","decided","325","14","0","1946","0","117304","81424","12","4","184","2.2","4.5","155","2.2","4.1","0"
"1","164","cost","e4","18","3600","e5","12","3600","blue","decided","350","12","0","1621","0","119790","96712","12","6","184","2.2","4.1","155","2.2","4.1","0"
"1","167","cost","e4","18","3600","rmbo","2","3000","blue","decided","275","11","0","2200","0","32362","70000","2","7","173","2.2","4","107","-1","-1","0"
"1","169","1v1","e4","1","200","jeep","1","400","red","decided","170","0","1","0","300","4000","9483","0","1","122","2","2","107","2","2","0"
"1","168","cost-spotted","e4","18","3600","rmbo","2","3000","blue","decided","275","14","0","2656","0","31262","46500","2","4","206","2.2","4.1","107","-1","3.2","0"
"1","170","cost","e4","18","3600","jeep","9","3600","red","decided","355","0","2","0","358","141200","168719","7","18","98","2.2","4.1","80","2","5.1","0"
"1","171","cost-spotted","e4","18","3600","jeep","9","3600","blue","decided","360","4","0","309","0","162824","154499","9","14","98","2","4.1","86","2","5.1","0"
"1","155","cost","e3","12","3600","mlrs","6","3600","none","stalemate","1560","7","1","1625","333","107876","31682","5","5","123","3","6.3","150","-1","2.8","0"
"1","172","1v1","e4","1","200","apc","1","600","red","decided","650","0","1","0","474","4000","9105","0","1","149","2","2","112","3","3","0"
"1","178","1v1","e4","1","200","htnk","1","1800","red","decided","355","0","1","0","1775","1200","9259","0","1","245","2","2","206","3","3","0"
"1","175","1v1","e4","1","200","mtnk","1","900","red","decided","850","0","1","0","796","5200","9070","0","1","175","3","3","169","3","3","0"
"1","174","cost-spotted","e4","18","3600","apc","6","3600","blue","decided","1070","13","0","1698","0","115343","86515","6","5","106","3","4.5","84","3","3.2","0"
"1","173","cost","e4","18","3600","apc","6","3600","blue","decided","1205","11","0","1609","0","115656","90260","6","7","106","3","4.5","84","3","3.6","0"
"1","181","1v1","e4","1","200","msam","1","900","blue","decided","355","1","0","179","0","12000","924","1","0","245","3","3","161","5","5","0"
"1","182","cost","e4","18","3600","msam","4","3600","blue","decided","465","16","0","2213","0","51437","62736","4","2","209","3","4.1","120","8.1","12.2","0"
"1","176","cost","e4","18","3600","mtnk","4","3600","blue","decided","1550","14","0","1930","0","180963","75929","4","4","140","3","4.1","127","3","4","0"
"1","184","1v1","e4","1","200","bggy","1","300","red","decided","180","0","1","0","200","4000","9000","0","1","127","2","2","98","2","2","0"
"1","179","cost","e4","18","3600","htnk","2","3600","red","decided","965","0","2","0","2396","58184","166526","0","18","179","2.2","4.1","157","2","4.1","0"
"1","183","cost-spotted","e4","18","3600","msam","4","3600","blue","decided","435","17","0","2298","0","54382","58659","4","1","285","3","4.1","102","12","13","0"
"1","177","cost-spotted","e4","18","3600","mtnk","4","3600","blue","decided","1550","13","0","1925","0","180794","76174","4","5","138","3","4.1","130","3","4","0"
"1","180","cost-spotted","e4","18","3600","htnk","2","3600","red","decided","970","0","2","0","2357","60080","168161","0","18","177","2.2","4.1","160","2","4.1","0"
"1","187","1v1","e4","1","200","bike","1","500","blue","decided","240","1","0","154","0","12000","2058","1","0","128","3","3","98","3","3","0"
"1","186","cost-spotted","e4","18","3600","bggy","12","3600","red","decided","295","0","5","0","835","125360","166488","7","18","79","2.2","4.2","74","2","4.1","0"
"1","188","cost","e4","18","3600","bike","7","3500","blue","decided","320","18","0","2990","0","92904","27467","7","0","110","3","4.2","78","3","5.1","0"
"1","189","cost-spotted","e4","18","3600","bike","7","3500","blue","decided","310","18","0","2989","0","91430","27513","7","0","110","3.2","4.2","77","3","5.1","0"
"1","193","1v1","e4","1","200","ftnk","1","600","red","decided","170","0","1","0","591","400","12300","0","1","155","2","2","160","2","2","0"
"1","194","cost","e4","18","3600","ftnk","6","3600","red","decided","330","0","6","0","3229","16696","201064","0","18","117","2","4.5","127","2","5","0"
"1","195","cost-spotted","e4","18","3600","ftnk","6","3600","red","decided","310","0","6","0","3378","9986","191839","0","18","117","3","4.1","119","3","5","0"
"1","190","1v1","e4","1","200","ltnk","1","750","red","decided","985","0","1","0","609","6000","9000","0","1","162","2","2","142","2","2","0"
"1","196","1v1","e4","1","200","stnk","1","900","blue","decided","340","1","0","93","0","16000","4807","1","0","174","3","3","125","4","4","0"
"1","197","cost","e4","18","3600","stnk","4","3600","blue","decided","250","18","0","3205","0","70160","17757","4","0","154","3.2","4.1","95","4","5","0"
"1","185","cost","e4","18","3600","bggy","12","3600","none","stalemate","1535","3","1","441","105","158522","147028","11","15","79","2.2","4.2","74","2","4.5","0"
"1","198","cost-spotted","e4","18","3600","stnk","4","3600","blue","decided","280","18","0","3127","0","67160","21301","4","0","162","3","4.1","95","4","5","0"
"1","199","1v1","e4","1","200","arty","1","600","blue","decided","315","1","0","153","0","8000","2100","1","0","202","2","2","176","3","3","0"
"1","200","cost","e4","18","3600","arty","6","3600","blue","decided","420","8","0","452","0","55278","161325","6","10","166","3","3.6","136","6.1","11.2","0"
"1","191","cost","e4","18","3600","ltnk","5","3750","blue","decided","1470","14","0","2163","0","160769","64881","5","4","117","2.2","4.1","109","2","4","0"
"1","192","cost-spotted","e4","18","3600","ltnk","5","3750","blue","decided","1495","14","0","2195","0","160668","63429","5","4","117","2.2","4.1","111","2","4","0"
"1","203","cost","e4","18","3600","mlrs","6","3600","blue","decided","280","12","0","1872","0","120742","82235","6","6","117","2","3.2","135","2","4.1","0"
"1","202","1v1","e4","1","200","mlrs","1","600","blue","decided","385","1","0","200","0","20000","0","1","0","155","2","3","-1","-1","-1","0"
"1","201","cost-spotted","e4","18","3600","arty","6","3600","blue","decided","480","1","0","17","0","53872","197446","6","17","243","4.1","4.1","118","10","12","0"
"1","208","1v1","e4","1","200","heli","1","1200","red","decided","155","0","1","0","1200","0","10000","0","1","-1","-1","-1","114","3","3","0"
"1","204","cost-spotted","e4","18","3600","mlrs","6","3600","blue","decided","580","9","0","1596","0","118832","95354","6","9","117","2","4.1","135","2","2.8","0"
"1","211","1v1","e5","1","300","rmbo","1","1500","red","decided","155","0","1","0","1500","0","10000","0","1","-1","-1","-1","152","-1","-1","0"
"1","212","cost","e5","12","3600","rmbo","2","3000","blue","decided","295","5","0","1493","0","32004","70200","2","7","187","-1","4.1","107","-1","3","0"
"1","205","1v1","e4","1","200","orca","1","1200","red","decided","1125","0","1","0","1200","0","9388","0","1","-1","-1","-1","121","3","6","0"
"1","214","1v1","e5","1","300","jeep","1","400","red","decided","170","0","1","0","250","6000","9483","0","1","122","2","2","107","2","2","0"
"1","213","cost-spotted","e5","12","3600","rmbo","2","3000","blue","decided","320","6","0","1533","0","32088","68000","2","6","206","2.2","4.1","107","-1","3.2","0"
"1","215","cost","e5","12","3600","jeep","9","3600","red","decided","250","0","6","0","1625","90456","113912","3","12","104","2.2","4.1","84","2","5.1","0"
"1","216","cost-spotted","e5","12","3600","jeep","9","3600","red","decided","245","0","5","0","1151","114276","114491","4","12","104","2","4","86","2","5.1","0"
"1","217","1v1","e5","1","300","apc","1","600","blue","decided","345","1","0","167","0","24000","4005","1","0","150","2","2","112","3","3","0"
"1","218","cost","e5","12","3600","apc","6","3600","blue","decided","270","11","0","3030","0","133240","17112","6","1","106","3","4.1","84","3","4.1","0"
"1","209","cost","e4","18","3600","heli","3","3600","none","stalemate","2140","5","3","804","3600","0","137424","0","13","-1","-1","-1","90","3","5.1","0"
"1","210","cost-spotted","e4","18","3600","heli","3","3600","none","stalemate","1995","2","3","362","3600","0","161376","0","16","-1","-1","-1","90","3","5.1","0"
"1","219","cost-spotted","e5","12","3600","apc","6","3600","blue","decided","270","11","0","3003","0","130180","17981","6","1","101","3","3.6","91","3","4.2","0"
"1","221","cost","e5","12","3600","mtnk","4","3600","blue","decided","345","12","0","3198","0","192320","12047","4","0","139","3","4.5","129","3","4","0"
"1","222","cost-spotted","e5","12","3600","mtnk","4","3600","blue","decided","360","12","0","3184","0","196520","12473","4","0","140","3","4.1","127","3","4","0"
"1","220","1v1","e5","1","300","mtnk","1","900","blue","decided","630","1","0","98","0","48000","6070","1","0","175","3","3","169","3","3","0"
"1","223","1v1","e5","1","300","htnk","1","1800","red","decided","355","0","1","0","1552","12000","9314","0","1","245","2","2","206","3","3","0"
"1","224","cost","e5","12","3600","htnk","2","3600","blue","decided","395","10","0","2267","0","182330","40560","2","2","181","2","4.1","160","2","4.1","0"
"1","226","1v1","e5","1","300","msam","1","900","blue","decided","310","1","0","252","0","12000","1443","1","0","228","2.8","2.8","184","3.2","3.2","0"
"1","225","cost-spotted","e5","12","3600","htnk","2","3600","blue","decided","405","10","0","2078","0","182330","46954","2","2","184","2","4.1","157","2","4.1","0"
"1","227","cost","e5","12","3600","msam","4","3600","blue","decided","455","10","0","2101","0","53065","45108","4","2","209","3","4.1","120","8","12","0"
"1","229","1v1","e5","1","300","bggy","1","300","red","decided","180","0","1","0","150","6000","9000","0","1","127","2","2","98","2","2","0"
"1","230","cost","e5","12","3600","bggy","12","3600","red","decided","235","0","5","0","1110","108780","112791","7","12","79","2","4.1","74","2","5.4","0"
"1","232","1v1","e5","1","300","bike","1","500","blue","decided","195","1","0","243","0","12000","1711","1","0","128","3","3","98","3","3","0"
"1","231","cost-spotted","e5","12","3600","bggy","12","3600","red","decided","245","0","6","0","1121","107712","111476","6","12","81","2","4.1","74","2","5.8","0"
"1","228","cost-spotted","e5","12","3600","msam","4","3600","blue","decided","475","8","0","1614","0","53294","59883","4","4","286","4.1","4.1","101","11","13","0"
"1","233","cost","e5","12","3600","bike","7","3500","blue","decided","300","12","0","3058","0","101616","16263","7","0","110","3","4.1","78","3","6","0"
"1","236","cost","e5","12","3600","ltnk","5","3750","blue","decided","290","12","0","3291","0","176615","9276","5","0","117","2.2","4.1","110","2","4","0"
"1","234","cost-spotted","e5","12","3600","bike","7","3500","blue","decided","315","12","0","2913","0","92880","20601","7","0","79","4.1","4.1","78","3","6.1","0"
"1","235","1v1","e5","1","300","ltnk","1","750","blue","decided","490","1","0","170","0","36000","3900","1","0","163","2","2","140","2","2","0"
"1","237","cost-spotted","e5","12","3600","ltnk","5","3750","blue","decided","290","12","0","3268","0","176510","9959","5","0","117","2.2","4.1","111","2","4","0"
"1","238","1v1","e5","1","300","ftnk","1","600","red","decided","165","0","1","0","467","6000","9348","0","1","155","3","3","153","3","3","0"
"1","239","cost","e5","12","3600","ftnk","6","3600","red","decided","260","0","6","0","2171","64284","125050","0","12","117","3","4.1","119","3","5.1","0"
"1","240","cost-spotted","e5","12","3600","ftnk","6","3600","red","decided","250","0","5","0","1958","77550","135755","1","12","117","3","4.1","119","3","4.1","0"
"1","242","cost","e5","12","3600","stnk","4","3600","blue","decided","260","12","0","3053","0","77640","16405","4","0","154","3.2","4.1","96","4","5.1","0"
"1","241","1v1","e5","1","300","stnk","1","900","blue","decided","305","1","0","154","0","18000","4371","1","0","174","3","3","124","4","4","0"
"1","206","cost","e4","18","3600","orca","3","3600","none","timeout","4500","14","3","2507","3600","0","49908","0","4","-1","-1","-1","96","0","6","0"
"1","243","cost-spotted","e5","12","3600","stnk","4","3600","blue","decided","265","12","0","3061","0","74220","16157","4","0","129","3","4.1","97","3","5.1","0"
"1","207","cost-spotted","e4","18","3600","orca","3","3600","none","timeout","4500","14","3","2562","3600","0","47696","0","4","-1","-1","-1","96","0","6","0"
"1","244","1v1","e5","1","300","arty","1","600","red","decided","245","0","1","0","120","6000","9840","0","1","202","2","2","177","3","3","0"
"1","245","cost","e5","12","3600","arty","6","3600","red","decided","395","0","3","0","1798","36024","125692","3","12","167","3","3","134","6","11","0"
"1","247","1v1","e5","1","300","mlrs","1","600","blue","decided","345","1","0","300","0","18000","0","1","0","155","2","3","-1","-1","-1","0"
"1","246","cost-spotted","e5","12","3600","arty","6","3600","red","decided","440","0","3","0","1619","40376","125650","3","12","212","3","4.1","117","10","12","0"
"1","249","cost-spotted","e5","12","3600","mlrs","6","3600","blue","decided","440","6","0","1359","0","114456","72546","6","6","117","2","3","131","-1","4.1","0"
"1","248","cost","e5","12","3600","mlrs","6","3600","blue","decided","450","4","0","1105","0","116316","86632","6","8","117","2","3.6","131","-1","3.2","0"
"1","253","1v1","e5","1","300","heli","1","1200","red","decided","155","0","1","0","1200","0","10000","0","1","-1","-1","-1","114","3","3","0"
"1","256","1v1","rmbo","1","1500","jeep","1","400","red","decided","230","0","1","0","400","0","15517","0","1","-1","-1","-1","105","2","2","0"
"1","257","cost","rmbo","2","3000","jeep","9","3600","red","decided","145","0","9","0","3600","0","30563","0","2","-1","-1","-1","98","2","3.2","0"
"1","255","cost-spotted","e5","12","3600","heli","3","3600","red","decided","580","0","3","0","3600","0","117860","0","12","-1","-1","-1","89","3","5.1","0"
"1","250","1v1","e5","1","300","orca","1","1200","red","decided","1025","0","1","0","1200","0","9064","0","1","-1","-1","-1","120","3","6","0"
"1","258","cost-spotted","rmbo","2","3000","jeep","9","3600","red","decided","145","0","9","0","3600","0","31298","0","2","-1","-1","-1","100","2","3.2","0"
"1","260","cost","rmbo","2","3000","apc","6","3600","red","decided","440","0","6","0","3582","564","30109","0","2","165","1","2.2","100","3","6.1","0"
"1","261","cost-spotted","rmbo","2","3000","apc","6","3600","red","decided","440","0","6","0","3582","565","30165","0","2","165","1","2.2","100","3","6.1","0"
"1","254","cost","e5","12","3600","heli","3","3600","none","stalemate","1645","2","3","546","3600","0","99648","0","10","-1","-1","-1","90","3","5","0"
"1","259","1v1","rmbo","1","1500","apc","1","600","red","decided","1030","0","1","0","600","0","15134","0","1","-1","-1","-1","104","3","5","0"
"1","263","cost","rmbo","2","3000","mtnk","4","3600","red","decided","800","0","4","0","3559","2040","30465","0","2","220","1.4","2.2","143","3","5.4","0"
"1","265","1v1","rmbo","1","1500","htnk","1","1800","red","decided","510","0","1","0","1800","0","15067","0","1","-1","-1","-1","187","2","5","0"
"1","264","cost-spotted","rmbo","2","3000","mtnk","4","3600","red","decided","800","0","4","0","3567","1640","30350","0","2","218","1.4","2","145","3","5.1","0"
"1","266","cost","rmbo","2","3000","htnk","2","3600","red","decided","450","0","2","0","3512","4262","30813","0","2","248","1.4","1.4","175","3","5.1","0"
"1","262","1v1","rmbo","1","1500","mtnk","1","900","red","decided","1395","0","1","0","900","0","15375","0","1","-1","-1","-1","152","2","5","0"
"1","267","cost-spotted","rmbo","2","3000","htnk","2","3600","red","decided","450","0","2","0","3496","5026","30185","0","2","247","1.4","1.4","173","3","5.1","0"
"1","271","1v1","rmbo","1","1500","bggy","1","300","red","decided","230","0","1","0","300","0","15000","0","1","-1","-1","-1","92","2","2","0"
"1","269","cost","rmbo","2","3000","msam","4","3600","red","decided","565","0","4","0","3563","500","30096","0","2","241","1.4","10.8","144","5","8.1","0"
"1","272","cost","rmbo","2","3000","bggy","12","3600","red","decided","135","0","12","0","3600","0","30531","0","2","-1","-1","-1","86","2","3.2","0"
"1","270","cost-spotted","rmbo","2","3000","msam","4","3600","red","decided","550","0","4","0","3478","1625","30153","0","2","400","2","9.8","126","8","9.1","0"
"1","273","cost-spotted","rmbo","2","3000","bggy","12","3600","red","decided","135","0","12","0","3600","0","30453","0","2","-1","-1","-1","86","2","3.2","0"
"1","268","1v1","rmbo","1","1500","msam","1","900","red","decided","1035","0","1","0","900","0","15036","0","1","-1","-1","-1","147","5","5","0"
"1","275","cost","rmbo","2","3000","bike","7","3500","red","decided","565","0","7","0","3365","2976","30430","0","2","151","4","4.1","90","3","7.1","0"
"1","276","cost-spotted","rmbo","2","3000","bike","7","3500","red","decided","575","0","7","0","3311","4154","30583","0","2","168","2.2","4.2","89","4","7.3","0"
"1","251","cost","e5","12","3600","orca","3","3600","none","timeout","4500","8","3","2021","3600","0","48052","0","4","-1","-1","-1","96","0","7.1","0"
"1","252","cost-spotted","e5","12","3600","orca","3","3600","none","timeout","4500","5","3","1370","3600","0","68024","0","7","-1","-1","-1","96","0","6.3","0"
"1","280","1v1","rmbo","1","1500","ftnk","1","600","red","decided","225","0","1","0","600","0","15375","0","1","-1","-1","-1","141","2","2","0"
"1","278","cost","rmbo","2","3000","ltnk","5","3750","red","decided","740","0","5","0","3730","858","30444","0","2","209","2","2.2","123","2","4.2","0"
"1","281","cost","rmbo","2","3000","ftnk","6","3600","red","decided","195","0","6","0","3561","1746","33497","0","2","151","1.4","2.2","138","2","3.2","0"
"1","279","cost-spotted","rmbo","2","3000","ltnk","5","3750","red","decided","690","0","5","0","3730","836","30384","0","2","209","2","2.2","123","2","4.2","0"
"1","274","1v1","rmbo","1","1500","bike","1","500","red","decided","1590","0","1","0","500","0","15163","0","1","-1","-1","-1","93","3","6","0"
"1","282","cost-spotted","rmbo","2","3000","ftnk","6","3600","red","decided","195","0","6","0","3552","2160","33497","0","2","151","1.4","2.2","138","2","3.2","0"
"1","286","1v1","rmbo","1","1500","arty","1","600","red","decided","350","0","1","0","600","0","19460","0","1","-1","-1","-1","161","3","3.2","0"
"1","277","1v1","rmbo","1","1500","ltnk","1","750","red","decided","1600","0","1","0","750","0","15078","0","1","-1","-1","-1","128","2","4","0"
"1","287","cost","rmbo","2","3000","arty","6","3600","red","decided","425","0","5","0","2373","15568","31490","1","2","207","3.2","5","153","4","8.1","0"
"1","290","cost","rmbo","2","3000","mlrs","6","3600","red","decided","200","0","6","0","3600","0","30000","0","2","-1","-1","-1","190","-1","-1","0"
"1","288","cost-spotted","rmbo","2","3000","arty","6","3600","red","decided","575","0","5","0","2164","21544","37240","1","2","271","5.1","5.4","156","7.1","10","0"
"1","283","1v1","rmbo","1","1500","stnk","1","900","none","stalemate","1580","1","1","888","900","0","6119","0","0","-1","-1","-1","117","4","11","0"
"1","284","cost","rmbo","2","3000","stnk","4","3600","none","stalemate","1600","1","4","478","3492","1800","25423","0","1","191","1.4","2.2","113","3","12","0"
"1","285","cost-spotted","rmbo","2","3000","stnk","4","3600","none","stalemate","1595","1","4","258","3355","4080","27502","0","1","212","2.2","2.2","110","4","8.1","0"
"1","289","1v1","rmbo","1","1500","mlrs","1","600","none","stalemate","1125","1","1","1500","600","0","0","0","0","-1","-1","-1","-1","-1","-1","0"
"1","295","1v1","rmbo","1","1500","heli","1","1200","red","decided","190","0","1","0","1200","0","16292","0","1","-1","-1","-1","109","3","3","0"
"1","296","cost","rmbo","2","3000","heli","3","3600","red","decided","170","0","3","0","3600","0","32528","0","2","-1","-1","-1","101","3","3","0"
"1","297","cost-spotted","rmbo","2","3000","heli","3","3600","red","decided","170","0","3","0","3600","0","32636","0","2","-1","-1","-1","101","3","3","0"
"1","298","1v1","jeep","1","400","apc","1","600","red","decided","275","0","1","0","509","2885","16582","0","1","79","2","2","77","3","3","0"
"1","291","cost-spotted","rmbo","2","3000","mlrs","6","3600","none","stalemate","1330","1","6","1500","3600","0","15000","0","1","-1","-1","-1","201","-1","-1","0"
"1","301","1v1","jeep","1","400","mtnk","1","900","red","decided","225","0","1","0","863","1850","16000","0","1","100","2","2","102","2","2","0"
"1","299","cost","jeep","9","3600","apc","6","3600","red","decided","390","0","5","0","2909","21980","146687","1","9","65","2","4.1","58","4","5.1","0"
"1","300","cost-spotted","jeep","9","3600","apc","6","3600","red","decided","380","0","5","0","2964","20260","146955","1","9","59","2","4.1","58","4","4.5","0"
"1","304","1v1","jeep","1","400","htnk","1","1800","red","decided","135","0","1","0","1793","355","16840","0","1","122","2","2","113","2","2","0"
"1","302","cost","jeep","9","3600","mtnk","4","3600","red","decided","445","0","4","0","3133","23360","155608","0","9","79","2","4.1","76","2","4.1","0"
"1","303","cost-spotted","jeep","9","3600","mtnk","4","3600","red","decided","445","0","4","0","3137","23130","155632","0","9","78","2","4.1","76","2","4.1","0"
"1","292","1v1","rmbo","1","1500","orca","1","1200","red","decided","1935","0","1","0","1200","0","15312","0","1","-1","-1","-1","115","3","6","0"
"1","305","cost","jeep","9","3600","htnk","2","3600","red","decided","345","0","2","0","3302","14415","164182","0","9","86","2","4.1","87","2","4.1","0"
"1","307","1v1","jeep","1","400","msam","1","900","blue","decided","210","1","0","366","0","12075","1350","1","0","107","3","3.2","103","3","3","0"
"1","306","cost-spotted","jeep","9","3600","htnk","2","3600","red","decided","340","0","2","0","3313","13880","163097","0","9","92","2","4.1","86","2","4.1","0"
"1","308","cost","jeep","9","3600","msam","4","3600","red","decided","285","0","3","0","1851","23395","153882","1","9","79","3","3.6","83","3","12","0"
"1","310","1v1","jeep","1","400","bggy","1","300","blue","decided","175","1","0","137","0","12075","10524","1","0","72","2","2","68","2","2","0"
"1","309","cost-spotted","jeep","9","3600","msam","4","3600","blue","decided","255","5","0","1299","0","49647","96343","4","4","93","3","4.1","72","10","12","0"
"1","313","1v1","jeep","1","400","bike","1","500","blue","decided","170","1","0","90","0","11270","12400","1","0","72","3","3","73","3","3","0"
"1","312","cost-spotted","jeep","9","3600","bggy","12","3600","red","decided","305","0","5","0","1162","99849","146412","7","9","52","2","4","56","2","4.1","0"
"1","314","cost","jeep","9","3600","bike","7","3500","blue","decided","250","6","0","1932","0","80280","71274","7","3","58","2","4","58","2","6","0"
"1","315","cost-spotted","jeep","9","3600","bike","7","3500","blue","decided","260","6","0","1811","0","79358","77749","7","3","58","3","4.2","57","3","6.1","0"
"1","316","1v1","jeep","1","400","ltnk","1","750","red","decided","270","0","1","0","685","2770","17500","0","1","93","2","2","91","2","2","0"
"1","319","1v1","jeep","1","400","ftnk","1","600","red","decided","180","0","1","0","574","1150","22500","0","1","104","2.2","2.2","105","2.2","2.2","0"
"1","317","cost","jeep","9","3600","ltnk","5","3750","red","decided","465","0","5","0","3137","26155","158092","0","9","72","2","4.5","70","2","4","0"
"1","293","cost","rmbo","2","3000","orca","3","3600","red","decided","2940","0","3","0","3600","0","30320","0","2","-1","-1","-1","106","0","6","0"
"1","318","cost-spotted","jeep","9","3600","ltnk","5","3750","red","decided","445","0","5","0","3147","25730","156123","0","9","72","2","4.1","71","2","4","0"
"1","320","cost","jeep","9","3600","ftnk","6","3600","red","decided","235","0","6","0","3375","10118","169617","0","9","72","2","4.1","82","2","4.1","0"
"1","321","cost-spotted","jeep","9","3600","ftnk","6","3600","red","decided","235","0","6","0","3379","9935","169935","0","9","72","2","4.1","82","2","4.1","0"
"1","294","cost-spotted","rmbo","2","3000","orca","3","3600","red","decided","3040","0","3","0","3600","0","30424","0","2","-1","-1","-1","107","0","6","0"
"1","322","1v1","jeep","1","400","stnk","1","900","red","decided","165","0","1","0","417","8050","18000","0","1","86","3","3","85","3","3","0"
"1","325","1v1","jeep","1","400","arty","1","600","blue","decided","170","1","0","400","0","8050","0","1","0","107","2","2.2","-1","-1","-1","0"
"1","323","cost","jeep","9","3600","stnk","4","3600","blue","decided","250","6","0","2066","0","61180","69720","4","3","72","-1","4","66","3","5.1","0"
"1","311","cost","jeep","9","3600","bggy","12","3600","none","stalemate","1425","1","3","386","886","111996","131968","9","8","58","2","4","56","2","4.1","0"
"1","324","cost-spotted","jeep","9","3600","stnk","4","3600","blue","decided","255","5","0","1913","0","61180","82020","4","4","65","3","4.1","69","3","7.1","0"
"1","326","cost","jeep","9","3600","arty","6","3600","blue","decided","295","4","0","627","0","47790","145864","6","5","79","3","4","86","3","12","0"
"1","330","cost-spotted","jeep","9","3600","mlrs","6","3600","blue","decided","230","9","0","3355","0","111930","9808","6","0","72","2","4.1","96","1","3","0"
"1","329","cost","jeep","9","3600","mlrs","6","3600","blue","decided","245","9","0","3223","0","110843","15088","6","0","72","2","5","97","2","3.6","0"
"1","328","1v1","jeep","1","400","mlrs","1","600","blue","decided","295","1","0","400","0","18515","0","1","0","93","2","4","-1","-1","-1","0"
"1","327","cost-spotted","jeep","9","3600","arty","6","3600","blue","decided","495","2","0","129","0","47790","184768","6","7","92","3","4","90","10","12","0"
"1","331","1v1","jeep","1","400","orca","1","1200","red","decided","300","0","1","0","1200","0","16632","0","1","-1","-1","-1","89","2","5","0"
"1","334","1v1","jeep","1","400","heli","1","1200","red","decided","185","0","1","0","1200","0","16500","0","1","-1","-1","-1","84","3","3","0"
"1","337","1v1","apc","1","600","mtnk","1","900","red","decided","270","0","1","0","805","4750","20000","0","1","102","3","3","109","3","3","0"
"1","338","cost","apc","6","3600","mtnk","4","3600","red","decided","405","0","4","0","2980","30997","121840","0","6","77","3","5.1","83","3","4.1","0"
"1","339","cost-spotted","apc","6","3600","mtnk","4","3600","red","decided","405","0","4","0","2980","31008","121640","0","6","76","3","5.1","83","3","4.1","0"
"1","340","1v1","apc","1","600","htnk","1","1800","red","decided","180","0","1","0","1759","2000","20400","0","1","117","3","3","122","3","3","0"
"1","332","cost","jeep","9","3600","orca","3","3600","red","decided","1100","0","3","0","3600","0","155476","0","9","-1","-1","-1","70","1","7","0"
"1","333","cost-spotted","jeep","9","3600","orca","3","3600","red","decided","1095","0","3","0","3600","0","156816","0","9","-1","-1","-1","70","1","7","0"
"1","343","1v1","apc","1","600","msam","1","900","blue","decided","235","1","0","177","0","12000","13380","1","0","102","4","4","112","3","3.2","0"
"1","336","cost-spotted","jeep","9","3600","heli","3","3600","red","decided","1130","0","3","0","3600","0","150480","0","9","-1","-1","-1","65","2","5","0"
"1","341","cost","apc","6","3600","htnk","2","3600","red","decided","350","0","2","0","3231","17846","127334","0","6","87","3","4.1","94","3","4.1","0"
"1","342","cost-spotted","apc","6","3600","htnk","2","3600","red","decided","345","0","2","0","3241","17346","123184","0","6","87","3","4.1","94","3","4.1","0"
"1","335","cost","jeep","9","3600","heli","3","3600","red","decided","1270","0","3","0","3600","0","149904","0","9","-1","-1","-1","69","1","5","0"
"1","344","cost","apc","6","3600","msam","4","3600","blue","decided","285","3","0","1365","0","49014","71394","4","3","77","4","4.5","86","6","11","0"
"1","346","1v1","apc","1","600","bggy","1","300","blue","decided","215","1","0","540","0","12030","1900","1","0","70","3","3","74","3","3","0"
"1","349","1v1","apc","1","600","bike","1","500","blue","decided","195","1","0","208","0","11250","12400","1","0","69","4","4","78","4","4","0"
"1","345","cost-spotted","apc","6","3600","msam","4","3600","blue","decided","350","3","0","1195","0","49416","76630","4","3","84","4","4","79","9","13","0"
"1","348","cost-spotted","apc","6","3600","bggy","12","3600","blue","decided","365","6","0","2800","0","148650","25330","12","0","53","3","5","56","3","4","0"
"1","347","cost","apc","6","3600","bggy","12","3600","blue","decided","375","5","0","2767","0","148893","26390","12","1","53","3","5","62","2","4.5","0"
"1","350","cost","apc","6","3600","bike","7","3500","blue","decided","315","3","0","979","0","79058","91375","7","3","52","3","5","62","3","5.4","0"
"1","351","cost-spotted","apc","6","3600","bike","7","3500","blue","decided","340","2","0","977","0","79396","91677","7","4","50","3","6.1","63","3","5.1","0"
"1","352","1v1","apc","1","600","ltnk","1","750","red","decided","335","0","1","0","588","6907","19800","0","1","90","3","3","94","2","2","0"
"1","354","cost-spotted","apc","6","3600","ltnk","5","3750","red","decided","430","0","5","0","2930","34970","120736","0","6","67","3","5.1","73","3","4.1","0"
"1","358","1v1","apc","1","600","stnk","1","900","red","decided","180","0","1","0","405","8250","21600","0","1","84","4","4","89","3","3","0"
"1","355","1v1","apc","1","600","ftnk","1","600","red","decided","485","0","1","0","356","10960","19800","0","1","93","3","3","108","3","3","0"
"1","353","cost","apc","6","3600","ltnk","5","3750","red","decided","560","0","4","0","2627","47918","120760","1","6","68","3","5.1","72","3","4","0"
"1","356","cost","apc","6","3600","ftnk","6","3600","red","decided","480","0","5","0","2081","68504","121688","1","6","70","3","5","85","3.2","4.1","0"
"1","361","1v1","apc","1","600","arty","1","600","blue","decided","180","1","0","562","0","7500","1200","1","0","102","4","4","118","3","3","0"
"1","359","cost","apc","6","3600","stnk","4","3600","blue","decided","305","3","0","1754","0","60000","66554","4","3","61","4","5.1","70","3","6","0"
"1","360","cost-spotted","apc","6","3600","stnk","4","3600","blue","decided","305","3","0","1774","0","60187","65970","4","3","61","4","5","70","3","4.5","0"
"1","362","cost","apc","6","3600","arty","6","3600","blue","decided","250","5","0","1383","0","46834","74200","6","1","77","4","5","92","6","10","0"
"1","357","cost-spotted","apc","6","3600","ftnk","6","3600","red","decided","635","0","5","0","1933","75158","119417","1","6","70","3","4.5","94","2","4.5","0"
"1","363","cost-spotted","apc","6","3600","arty","6","3600","blue","decided","250","5","0","2074","0","48700","51945","6","1","92","4","4.1","89","10","11","0"
"1","367","1v1","apc","1","600","orca","1","1200","blue","decided","145","1","0","335","0","10000","8400","1","0","82","5","5","100","5","5","0"
"1","368","cost","apc","6","3600","orca","3","3600","blue","decided","140","5","0","2988","0","30448","21071","3","1","64","4","7","78","2","6","0"
"1","369","cost-spotted","apc","6","3600","orca","3","3600","blue","decided","135","5","0","2990","0","31411","21020","3","1","63","4","7","79","1","5","0"
"1","364","1v1","apc","1","600","mlrs","1","600","blue","decided","350","1","0","600","0","18435","0","1","0","93","3","5.1","-1","-1","-1","0"
"1","365","cost","apc","6","3600","mlrs","6","3600","blue","decided","325","6","0","3468","0","109855","4191","6","0","70","3","6","109","2","3.6","0"
"1","370","1v1","apc","1","600","heli","1","1200","blue","decided","165","1","0","474","0","12500","4000","1","0","82","5","5","92","4","4","0"
"1","366","cost-spotted","apc","6","3600","mlrs","6","3600","blue","decided","370","6","0","3510","0","110162","2859","6","0","70","3","5.4","109","1.4","3.2","0"
"1","371","cost","apc","6","3600","heli","3","3600","blue","decided","145","6","0","3196","0","38050","12800","3","0","66","4","7.1","71","3","4","0"
"1","372","cost-spotted","apc","6","3600","heli","3","3600","blue","decided","145","6","0","3164","0","37500","13800","3","0","63","4","7","68","3","4","0"
"1","373","1v1","mtnk","1","900","htnk","1","1800","red","decided","335","0","1","0","1469","16000","45200","0","1","180","3","3","181","3","3","0"
"1","376","1v1","mtnk","1","900","msam","1","900","blue","decided","240","1","0","830","0","12000","3492","1","0","160","3","3.2","145","4","4","0"
"1","377","cost","mtnk","4","3600","msam","4","3600","blue","decided","290","4","0","1811","0","49275","89444","4","0","129","3","4","128","7","11","0"
"1","378","cost-spotted","mtnk","4","3600","msam","4","3600","blue","decided","310","4","0","1423","0","49468","108858","4","0","161","3","4","113","11","13","0"
"1","374","cost","mtnk","4","3600","htnk","2","3600","red","decided","515","0","2","0","1928","80800","183940","0","4","157","3","4.1","157","3","4.1","0"
"1","379","1v1","mtnk","1","900","bggy","1","300","blue","decided","210","1","0","870","0","12600","1510","1","0","90","2","2","90","2","2","0"
"1","375","cost-spotted","mtnk","4","3600","htnk","2","3600","red","decided","510","0","2","0","2009","76880","184846","0","4","152","3","4.1","153","3","4.1","0"
"1","382","1v1","mtnk","1","900","bike","1","500","blue","decided","170","1","0","652","0","12000","12400","1","0","90","3","3","92","3","3","0"
"1","380","cost","mtnk","4","3600","bggy","12","3600","blue","decided","460","4","0","3009","0","159432","29540","12","0","76","2","4","75","2","4.5","0"
"1","381","cost-spotted","mtnk","4","3600","bggy","12","3600","blue","decided","470","4","0","2976","0","161224","31180","12","0","76","2","4","80","2","4.5","0"
"1","383","cost","mtnk","4","3600","bike","7","3500","blue","decided","350","3","0","1732","0","88128","94879","7","1","75","3.2","4.1","80","4","6.1","0"
"1","384","cost-spotted","mtnk","4","3600","bike","7","3500","blue","decided","405","2","0","1525","0","89744","107071","7","2","76","3","4","80","3","6.1","0"
"1","385","1v1","mtnk","1","900","ltnk","1","750","blue","decided","405","1","0","460","0","32000","22010","1","0","125","2","2","124","2","2","0"
"1","386","cost","mtnk","4","3600","ltnk","5","3750","blue","decided","575","3","0","1678","0","161270","97310","5","1","104","2","4","111","2","4","0"
"1","391","1v1","mtnk","1","900","stnk","1","900","blue","decided","240","1","0","468","0","16000","21600","1","0","118","3","3","114","3","3","0"
"1","388","1v1","mtnk","1","900","ftnk","1","600","blue","decided","375","1","0","627","0","28000","13635","1","0","132","3","3","141","3","3","0"
"1","389","cost","mtnk","4","3600","ftnk","6","3600","blue","decided","415","4","0","1825","0","167265","88760","6","0","113","2","4.5","127","2","4.1","0"
"1","387","cost-spotted","mtnk","4","3600","ltnk","5","3750","blue","decided","570","3","0","1590","0","164190","101710","5","1","104","2","4","111","2","4","0"
"1","390","cost-spotted","mtnk","4","3600","ftnk","6","3600","blue","decided","435","4","0","1713","0","170115","94354","6","0","115","3","4","119","3","4.5","0"
"1","394","1v1","mtnk","1","900","arty","1","600","blue","decided","185","1","0","860","0","8000","2025","1","0","147","3","3","159","3","3","0"
"1","392","cost","mtnk","4","3600","stnk","4","3600","blue","decided","360","3","0","1800","0","64000","93594","4","1","104","3","4.5","99","4","6.1","0"
"1","393","cost-spotted","mtnk","4","3600","stnk","4","3600","blue","decided","325","3","0","1925","0","64000","87330","4","1","101","3","4.1","99","4","6.1","0"
"1","395","cost","mtnk","4","3600","arty","6","3600","blue","decided","350","4","0","1743","0","55744","92865","6","0","131","3","4","135","5","12","0"
"1","396","cost-spotted","mtnk","4","3600","arty","6","3600","blue","decided","355","3","0","1050","0","59944","132620","6","1","173","3","3.2","125","11","12","0"
"1","398","cost","mtnk","4","3600","mlrs","6","3600","blue","decided","605","4","0","3557","0","116544","2160","6","0","113","2","6.1","151","-1","2","0"
"1","399","cost-spotted","mtnk","4","3600","mlrs","6","3600","blue","decided","500","4","0","3555","0","118824","2260","6","0","115","2","6.1","153","-1","2","0"
"1","400","1v1","mtnk","1","900","orca","1","1200","red","decided","930","0","1","0","1200","0","46200","0","1","-1","-1","-1","113","4","5","0"
"1","397","1v1","mtnk","1","900","mlrs","1","600","none","stalemate","1340","1","1","900","200","12000","0","0","0","132","3","4.1","-1","-1","-1","0"
"1","406","1v1","htnk","1","1800","msam","1","900","blue","decided","205","1","0","1668","0","12500","6396","1","0","196","4","4","174","5","5","0"
"1","402","cost-spotted","mtnk","4","3600","orca","3","3600","red","decided","1320","0","3","0","3600","0","185261","0","4","-1","-1","-1","96","1","7","0"
"1","407","cost","htnk","2","3600","msam","4","3600","blue","decided","345","2","0","2109","0","54637","72048","4","0","200","4","4","161","7","10","0"
"1","408","cost-spotted","htnk","2","3600","msam","4","3600","blue","decided","365","2","0","1652","0","54880","94172","4","0","241","4","5","142","10","11","0"
"1","409","1v1","htnk","1","1800","bggy","1","300","blue","decided","115","1","0","1796","0","12500","210","1","0","105","2","2","104","2","2","0"
"1","401","cost","mtnk","4","3600","orca","3","3600","red","decided","2125","0","3","0","3600","0","185190","0","4","-1","-1","-1","97","1","7","0"
"1","410","cost","htnk","2","3600","bggy","12","3600","blue","decided","385","2","0","3204","0","168664","19150","12","0","94","2","4.2","93","2","4.5","0"
"1","411","cost-spotted","htnk","2","3600","bggy","12","3600","blue","decided","355","2","0","3222","0","163721","18250","12","0","94","2","4.2","93","2","4","0"
"1","412","1v1","htnk","1","1800","bike","1","500","blue","decided","105","1","0","1736","0","12500","3100","1","0","94","3","3","102","3","3","0"
"1","413","cost","htnk","2","3600","bike","7","3500","blue","decided","245","2","0","2367","0","92887","59580","7","0","93","3","5.1","97","3","5","0"
"1","414","cost-spotted","htnk","2","3600","bike","7","3500","blue","decided","250","2","0","2303","0","91956","62670","7","0","90","3","5","97","3","5","0"
"1","415","1v1","htnk","1","1800","ltnk","1","750","blue","decided","250","1","0","1618","0","32800","8810","1","0","148","2","2","144","2","2","0"
"1","418","1v1","htnk","1","1800","ftnk","1","600","blue","decided","255","1","0","1643","0","28800","7585","1","0","161","2.2","2.2","173","2.2","2.2","0"
"1","416","cost","htnk","2","3600","ltnk","5","3750","blue","decided","475","2","0","2234","0","166750","66010","5","0","138","2","4.1","143","2","4","0"
"1","417","cost-spotted","htnk","2","3600","ltnk","5","3750","blue","decided","475","2","0","2234","0","165208","66010","5","0","138","2","4.1","143","2","4","0"
"1","421","1v1","htnk","1","1800","stnk","1","900","blue","decided","155","1","0","1577","0","17000","10800","1","0","134","3","3","131","4","4","0"
"1","403","1v1","mtnk","1","900","heli","1","1200","red","decided","2910","0","1","0","1200","0","45000","0","1","-1","-1","-1","108","3","5","0"
"1","419","cost","htnk","2","3600","ftnk","6","3600","blue","decided","410","2","0","2557","0","173200","50403","6","0","146","2","4","160","2","4","0"
"1","420","cost-spotted","htnk","2","3600","ftnk","6","3600","blue","decided","400","2","0","2653","0","174533","45752","6","0","148","2","4","160","2","4","0"
"1","424","1v1","htnk","1","1800","arty","1","600","blue","decided","190","1","0","1699","0","8500","4875","1","0","183","3","3","188","3","3","0"
"1","422","cost","htnk","2","3600","stnk","4","3600","blue","decided","280","2","0","2148","0","68350","70200","4","0","132","4","5","125","4","5","0"
"1","423","cost-spotted","htnk","2","3600","stnk","4","3600","blue","decided","295","2","0","2036","0","70785","75600","4","0","153","4","5.1","122","5","5","0"
"1","427","1v1","htnk","1","1800","mlrs","1","600","blue","decided","215","1","0","1799","0","21000","30","1","0","152","3","3","214","-1","-1","0"
"1","425","cost","htnk","2","3600","arty","6","3600","blue","decided","370","2","0","1901","0","53823","82105","6","0","174","4","4.1","178","5","10","0"
"1","426","cost-spotted","htnk","2","3600","arty","6","3600","blue","decided","365","2","0","1664","0","53605","93590","6","0","240","4","4.1","158","9","10","0"
"1","430","1v1","htnk","1","1800","orca","1","1200","blue","decided","190","1","0","1539","0","13500","12600","1","0","132","3","3","125","3","3","0"
"1","428","cost","htnk","2","3600","mlrs","6","3600","blue","decided","440","2","0","3565","0","124638","1710","6","0","151","2","6","162","-1","1","0"
"1","431","cost","htnk","2","3600","orca","3","3600","blue","decided","255","2","0","2835","0","40860","36961","3","0","114","2","5.1","116","2","6","0"
"1","429","cost-spotted","htnk","2","3600","mlrs","6","3600","blue","decided","420","2","0","3557","0","123990","2058","6","0","148","2","7.1","163","1","1","0"
"1","433","1v1","htnk","1","1800","heli","1","1200","blue","decided","195","1","0","1717","0","13500","4000","1","0","135","3","3","118","3","3","0"
"1","432","cost-spotted","htnk","2","3600","orca","3","3600","blue","decided","260","2","0","2833","0","40905","37087","3","0","117","1","5.1","116","2","6","0"
"1","436","1v1","msam","1","900","bggy","1","300","blue","decided","100","1","0","795","0","12725","1400","1","0","97","3","3","92","3","3","0"
"1","434","cost","htnk","2","3600","heli","3","3600","blue","decided","255","2","0","3162","0","40725","21166","3","0","117","2","5","109","3","4","0"
"1","435","cost-spotted","htnk","2","3600","heli","3","3600","blue","decided","260","2","0","3162","0","41175","21166","3","0","118","2","5","111","3","4","0"
"1","439","1v1","msam","1","900","bike","1","500","blue","decided","95","1","0","900","0","12175","0","1","0","88","5","5","-1","-1","-1","0"
"1","437","cost","msam","4","3600","bggy","12","3600","red","decided","250","0","4","0","828","118958","49003","8","4","84","3","10","80","3","4","0"
"1","438","cost-spotted","msam","4","3600","bggy","12","3600","red","decided","215","0","4","0","792","119367","50018","8","4","79","5","13","86","3","4","0"
"1","441","cost-spotted","msam","4","3600","bike","7","3500","blue","decided","100","4","0","3135","0","81830","6200","7","0","73","7","11","94","-1","5.1","0"
"1","404","cost","mtnk","4","3600","heli","3","3600","none","timeout","4500","2","3","1533","3600","0","103340","0","2","-1","-1","-1","91","2","5","0"
"1","440","cost","msam","4","3600","bike","7","3500","blue","decided","285","2","0","1778","0","83199","25784","7","2","75","5","12","88","-1","4.1","0"
"1","442","1v1","msam","1","900","ltnk","1","750","red","decided","250","0","1","0","698","2220","12500","0","1","127","3","3","130","3","3","0"
"1","443","cost","msam","4","3600","ltnk","5","3750","red","decided","275","0","5","0","1411","99812","51358","0","4","105","4","12","122","3","4","0"
"1","445","1v1","msam","1","900","ftnk","1","600","red","decided","165","0","1","0","556","1980","15000","0","1","131","4","4","152","3","3","0"
"1","444","cost-spotted","msam","4","3600","ltnk","5","3750","red","decided","305","0","4","0","1564","94344","50973","1","4","99","6","12","133","3","4","0"
"1","448","1v1","msam","1","900","stnk","1","900","blue","decided","125","1","0","450","0","17425","6000","1","0","117","6","6","116","6","6","0"
"1","446","cost","msam","4","3600","ftnk","6","3600","red","decided","280","0","3","0","1244","107790","57436","3","4","114","3","13","138","2","4","0"
"1","447","cost-spotted","msam","4","3600","ftnk","6","3600","red","decided","255","0","5","0","1511","94949","58788","1","4","100","7","13","152","3","4.1","0"
"1","405","cost-spotted","mtnk","4","3600","heli","3","3600","none","timeout","4500","2","3","1670","3600","0","96730","0","2","-1","-1","-1","93","2","5","0"
"1","450","cost-spotted","msam","4","3600","stnk","4","3600","blue","decided","115","4","0","3600","0","63575","0","4","0","85","6","10","-1","-1","-1","0"
"1","449","cost","msam","4","3600","stnk","4","3600","blue","decided","325","1","0","446","0","63775","46632","4","3","100","7","12","103","-1","7","0"
"1","451","1v1","msam","1","900","arty","1","600","blue","decided","165","1","0","900","0","9150","0","1","0","161","4.1","4.1","-1","-1","-1","0"
"1","453","cost-spotted","msam","4","3600","arty","6","3600","blue","decided","270","1","0","629","0","49340","44776","6","3","112","9","13","131","-1","11","0"
"1","452","cost","msam","4","3600","arty","6","3600","red","decided","335","0","3","0","1247","30841","61112","3","4","128","7","12","136","-1","10.2","0"
"1","457","1v1","msam","1","900","orca","1","1200","red","decided","155","0","1","0","1200","0","14000","0","1","-1","-1","-1","113","3","3","0"
"1","455","cost","msam","4","3600","mlrs","6","3600","blue","decided","315","4","0","1854","0","111963","23283","6","0","115","5","13","201","3.6","5","0"
"1","454","1v1","msam","1","900","mlrs","1","600","blue","decided","365","1","0","900","0","18800","0","1","0","131","4","5.1","-1","-1","-1","0"
"1","456","cost-spotted","msam","4","3600","mlrs","6","3600","blue","decided","375","4","0","3114","0","110724","6479","6","0","100","7","13","209","1.4","6.4","0"
"1","460","1v1","msam","1","900","heli","1","1200","red","decided","170","0","1","0","1200","0","12000","0","1","-1","-1","-1","108","3","3","0"
"1","458","cost","msam","4","3600","orca","3","3600","red","decided","235","0","3","0","3600","0","54640","0","4","-1","-1","-1","97","1","3","0"
"1","459","cost-spotted","msam","4","3600","orca","3","3600","red","decided","210","0","3","0","3600","0","54328","0","4","-1","-1","-1","96","1","4","0"
"1","461","cost","msam","4","3600","heli","3","3600","red","decided","215","0","3","0","3600","0","48024","0","4","-1","-1","-1","92","2","3","0"
"1","462","cost-spotted","msam","4","3600","heli","3","3600","red","decided","215","0","3","0","3600","0","48048","0","4","-1","-1","-1","91","2","3","0"
"1","463","1v1","bggy","1","300","bike","1","500","red","decided","150","0","1","0","150","7700","12400","0","1","68","3","3","69","3","3","0"
"1","466","1v1","bggy","1","300","ltnk","1","750","red","decided","205","0","1","0","715","1510","12500","0","1","86","2","2","83","2","2","0"
"1","464","cost","bggy","12","3600","bike","7","3500","blue","decided","235","8","0","1989","0","79535","69277","7","4","50","3","4.5","57","3","6","0"
"1","465","cost-spotted","bggy","12","3600","bike","7","3500","blue","decided","240","9","0","2413","0","78628","51360","7","3","50","3","5.1","57","3","6.1","0"
"1","469","1v1","bggy","1","300","ftnk","1","600","red","decided","105","0","1","0","591","410","15000","0","1","86","2","2","94","2","2","0"
"1","472","1v1","bggy","1","300","stnk","1","900","red","decided","85","0","1","0","899","24","12000","0","1","84","-1","-1","78","3","3","0"
"1","468","cost-spotted","bggy","12","3600","ltnk","5","3750","red","decided","440","0","5","0","3178","24387","160252","0","12","68","2","4.1","63","2","4.1","0"
"1","467","cost","bggy","12","3600","ltnk","5","3750","red","decided","460","0","5","0","3101","27699","158830","0","12","68","2","4.1","63","2","4","0"
"1","473","cost","bggy","12","3600","stnk","4","3600","blue","decided","240","8","0","2071","0","60900","64248","4","4","62","3","4","62","3","6","0"
"1","474","cost-spotted","bggy","12","3600","stnk","4","3600","blue","decided","225","9","0","2552","0","60900","48204","4","3","60","3","5.1","62","3","6","0"
"1","470","cost","bggy","12","3600","ftnk","6","3600","red","decided","425","0","6","0","3300","13500","189402","0","12","62","2","4","71","2","5.4","0"
"1","471","cost-spotted","bggy","12","3600","ftnk","6","3600","red","decided","415","0","6","0","3303","13358","189786","0","12","66","2","4","71","2","5.4","0"
"1","475","1v1","bggy","1","300","arty","1","600","blue","decided","175","1","0","42","0","7700","10304","1","0","92","3","3","100","2.2","2.2","0"
"1","479","cost","bggy","12","3600","mlrs","6","3600","blue","decided","240","12","0","3230","0","109196","14793","6","0","62","2","4.1","85","2","4.5","0"
"1","480","cost-spotted","bggy","12","3600","mlrs","6","3600","blue","decided","250","12","0","3244","0","108891","14241","6","0","66","2","4.2","87","1","3","0"
"1","481","1v1","bggy","1","300","orca","1","1200","red","decided","195","0","1","0","1200","0","12040","0","1","-1","-1","-1","83","3","3","0"
"1","478","1v1","bggy","1","300","mlrs","1","600","blue","decided","305","1","0","300","0","18200","0","1","0","92","1.4","4","-1","-1","-1","0"
"1","477","cost-spotted","bggy","12","3600","arty","6","3600","blue","decided","415","6","0","1460","0","47176","107488","6","6","80","3","4","85","9","11","0"
"1","484","1v1","bggy","1","300","heli","1","1200","red","decided","140","0","1","0","1200","0","12000","0","1","-1","-1","-1","78","3","3","0"
"1","476","cost","bggy","12","3600","arty","6","3600","red","decided","710","0","1","0","373","41638","176784","5","12","68","2","5.4","87","2","10","0"
"1","487","1v1","bike","1","500","ltnk","1","750","red","decided","200","0","1","0","459","12400","12500","0","1","84","3","3","79","3","3","0"
"1","488","cost","bike","7","3500","ltnk","5","3750","red","decided","490","0","2","0","756","133785","86212","3","7","65","3","6.1","70","3","4","0"
"1","483","cost-spotted","bggy","12","3600","orca","3","3600","red","decided","880","0","3","0","3600","0","158792","0","12","-1","-1","-1","67","1","5","0"
"1","485","cost","bggy","12","3600","heli","3","3600","red","decided","910","0","3","0","3600","0","149832","0","12","-1","-1","-1","62","1","5","0"
"1","489","cost-spotted","bike","7","3500","ltnk","5","3750","red","decided","485","0","2","0","820","131086","86212","3","7","65","3","6.1","71","3","4","0"
"1","490","1v1","bike","1","500","ftnk","1","600","red","decided","120","0","1","0","462","6200","15000","0","1","90","3.2","3.2","107","3.2","3.2","0"
"1","493","1v1","bike","1","500","stnk","1","900","red","decided","100","0","1","0","528","6200","12000","0","1","90","5.1","5.1","88","5.1","5.1","0"
"1","482","cost","bggy","12","3600","orca","3","3600","red","decided","1185","0","3","0","3600","0","164468","0","12","-1","-1","-1","66","1","5.1","0"
"1","491","cost","bike","7","3500","ftnk","6","3600","red","decided","250","0","4","0","1716","88148","85318","2","7","68","3","6.1","74","3","4.1","0"
"1","492","cost-spotted","bike","7","3500","ftnk","6","3600","red","decided","305","0","3","0","1273","107864","100767","3","7","68","3","5.1","74","3","4.1","0"
"1","496","1v1","bike","1","500","arty","1","600","red","decided","105","0","1","0","104","6200","11200","0","1","94","4","4","101","-1","-1","0"
"1","498","cost-spotted","bike","7","3500","arty","6","3600","red","decided","175","0","4","0","2165","21472","98344","2","7","84","4","5.1","78","8","9","0"
"1","494","cost","bike","7","3500","stnk","4","3600","red","decided","510","0","1","0","342","55955","89016","3","7","72","5","6.1","63","5","7.1","0"
"1","497","cost","bike","7","3500","arty","6","3600","red","decided","305","0","3","0","1800","27924","105072","3","7","78","-1","5","74","-1","11","0"
"1","495","cost-spotted","bike","7","3500","stnk","4","3600","red","decided","510","0","1","0","528","52979","90936","3","7","72","-1","6.1","63","5","6.3","0"
"1","499","1v1","bike","1","500","mlrs","1","600","blue","decided","325","1","0","500","0","18600","0","1","0","86","3","6","-1","-1","-1","0"
"1","502","1v1","bike","1","500","orca","1","1200","red","decided","120","0","1","0","456","6200","11200","0","1","90","4","4","84","4","4","0"
"1","500","cost","bike","7","3500","mlrs","6","3600","blue","decided","305","7","0","3067","0","113699","9530","6","0","68","2","6.1","86","-1","2.2","0"
"1","501","cost-spotted","bike","7","3500","mlrs","6","3600","blue","decided","310","7","0","3038","0","116627","10167","6","0","68","2","8","88","-1","2.2","0"
"1","503","cost","bike","7","3500","orca","3","3600","blue","decided","195","4","0","1914","0","37107","37140","3","3","65","2","6","69","1","5","0"
"1","505","1v1","bike","1","500","heli","1","1200","red","decided","135","0","1","0","605","6200","12000","0","1","93","2","2","75","2","2","0"
"1","504","cost-spotted","bike","7","3500","orca","3","3600","blue","decided","175","4","0","1910","0","37200","37320","3","3","65","2","6","67","2","6","0"
"1","506","cost","bike","7","3500","heli","3","3600","blue","decided","175","5","0","2173","0","44206","31248","3","2","65","2","5.1","60","3","4","0"
"1","507","cost-spotted","bike","7","3500","heli","3","3600","blue","decided","175","5","0","2172","0","41633","31272","3","2","65","2","6","59","3","4","0"
"1","486","cost-spotted","bggy","12","3600","heli","3","3600","none","stalemate","2225","1","3","214","3600","0","140508","0","11","-1","-1","-1","64","1","5","0"
"1","511","1v1","ltnk","1","750","stnk","1","900","blue","decided","260","1","0","117","0","15000","27000","1","0","110","3","3","99","4","4","0"
"1","508","1v1","ltnk","1","750","ftnk","1","600","blue","decided","480","1","0","282","0","28600","19950","1","0","119","2","2","119","2","2","0"
"1","510","cost-spotted","ltnk","5","3750","ftnk","6","3600","blue","decided","440","3","0","1098","0","167630","113839","6","2","93","2","4","105","2","4.5","0"
"1","509","cost","ltnk","5","3750","ftnk","6","3600","blue","decided","485","4","0","1013","0","166835","117188","6","1","93","3","4","97","3","4.1","0"
"1","512","cost","ltnk","5","3750","stnk","4","3600","blue","decided","350","2","0","1498","0","60000","98402","4","3","91","3","4","82","3","7","0"
"1","514","1v1","ltnk","1","750","arty","1","600","blue","decided","195","1","0","724","0","7500","1125","1","0","133","3","3","192","-1","-1","0"
"1","513","cost-spotted","ltnk","5","3750","stnk","4","3600","blue","decided","345","2","0","1493","0","61250","98674","4","3","92","3","4","82","3","6.1","0"
"1","515","cost","ltnk","5","3750","arty","6","3600","blue","decided","305","4","0","1736","0","50352","86770","6","1","111","3","4","111","6","11","0"
"1","516","cost-spotted","ltnk","5","3750","arty","6","3600","blue","decided","325","3","0","1024","0","56272","117815","6","2","132","3","4","101","10","12","0"
"1","517","1v1","ltnk","1","750","mlrs","1","600","blue","decided","325","1","0","743","0","20000","280","1","0","113","1","1","322","-1","-1","0"
"1","518","cost","ltnk","5","3750","mlrs","6","3600","blue","decided","455","5","0","3662","0","119782","3768","6","0","93","2","5","128","1","2.2","0"
"1","519","cost-spotted","ltnk","5","3750","mlrs","6","3600","blue","decided","415","5","0","3662","0","118687","3754","6","0","92","2","5","130","1","2.2","0"
"1","520","1v1","ltnk","1","750","orca","1","1200","red","decided","620","0","1","0","1200","0","32130","0","1","-1","-1","-1","101","2","6","0"
"1","526","1v1","ftnk","1","600","stnk","1","900","blue","decided","130","1","0","360","0","15000","10800","1","0","119","3","3","104","3","3","0"
"1","527","cost","ftnk","6","3600","stnk","4","3600","blue","decided","340","3","0","1021","0","78775","123316","4","3","96","-1","4.5","81","3","5.4","0"
"1","528","cost-spotted","ftnk","6","3600","stnk","4","3600","blue","decided","345","3","0","1081","0","74230","117104","4","3","97","-1","4.1","82","3","6.1","0"
"1","529","1v1","ftnk","1","600","arty","1","600","blue","decided","145","1","0","442","0","7500","7125","1","0","141","-1","-1","142","-1","-1","0"
"1","521","cost","ltnk","5","3750","orca","3","3600","red","decided","1705","0","3","0","3600","0","164802","0","5","-1","-1","-1","84","0","7","0"
"1","523","1v1","ltnk","1","750","heli","1","1200","red","decided","1990","0","1","0","1200","0","32000","0","1","-1","-1","-1","97","3","4","0"
"1","530","cost","ftnk","6","3600","arty","6","3600","blue","decided","325","3","0","1170","0","65494","121335","6","3","119","-1","4.1","111","6","11","0"
"1","531","cost-spotted","ftnk","6","3600","arty","6","3600","blue","decided","305","4","0","1192","0","69871","111820","6","2","141","-1","4.1","106","11","12","0"
"1","532","1v1","ftnk","1","600","mlrs","1","600","blue","decided","270","1","0","600","0","24825","0","1","0","127","1","3","-1","-1","-1","0"
"1","534","cost-spotted","ftnk","6","3600","mlrs","6","3600","blue","decided","235","6","0","3433","0","127113","7520","6","0","102","1","4.1","111","1","2.2","0"
"1","533","cost","ftnk","6","3600","mlrs","6","3600","blue","decided","250","6","0","3304","0","122499","13320","6","0","102","1","4","104","2","3","0"
"1","522","cost-spotted","ltnk","5","3750","orca","3","3600","red","decided","2415","0","3","0","3600","0","165938","0","5","-1","-1","-1","84","0","7","0"
"1","535","1v1","ftnk","1","600","orca","1","1200","red","decided","510","0","1","0","1200","0","27300","0","1","-1","-1","-1","105","3","6","0"
"1","536","cost","ftnk","6","3600","orca","3","3600","red","decided","890","0","3","0","3600","0","175317","0","6","-1","-1","-1","83","1","7","0"
"1","537","cost-spotted","ftnk","6","3600","orca","3","3600","red","decided","1110","0","3","0","3600","0","167421","0","6","-1","-1","-1","83","1","6","0"
"1","541","1v1","stnk","1","900","arty","1","600","blue","decided","130","1","0","228","0","12000","11200","1","0","119","5","5","122","5","5","0"
"1","525","cost-spotted","ltnk","5","3750","heli","3","3600","red","decided","3450","0","3","0","3600","0","160170","0","5","-1","-1","-1","78","3","4.2","0"
"1","542","cost","stnk","4","3600","arty","6","3600","red","decided","250","0","4","0","2400","24120","87696","2","4","104","5","5","107","5","9.2","0"
"1","543","cost-spotted","stnk","4","3600","arty","6","3600","red","decided","195","0","5","0","2765","14936","80640","1","4","116","6","6","106","9","12","0"
"1","538","1v1","ftnk","1","600","heli","1","1200","red","decided","1645","0","1","0","1200","0","27000","0","1","-1","-1","-1","102","2","4","0"
"1","544","1v1","stnk","1","900","mlrs","1","600","blue","decided","180","1","0","900","0","18000","0","1","0","104","3","3","-1","-1","-1","0"
"1","547","1v1","stnk","1","900","orca","1","1200","blue","decided","115","1","0","564","0","12000","5600","1","0","101","5","5","100","5","5","0"
"1","545","cost","stnk","4","3600","mlrs","6","3600","blue","decided","360","4","0","3162","0","118992","7308","6","0","90","3","8","162","-1","2.2","0"
"1","546","cost-spotted","stnk","4","3600","mlrs","6","3600","blue","decided","285","4","0","3102","0","112800","8292","6","0","90","3","6.1","156","-1","2.2","0"
"1","548","cost","stnk","4","3600","orca","3","3600","blue","decided","135","3","0","2522","0","37560","19768","3","1","79","3","6.1","88","-1","5","0"
"1","549","cost-spotted","stnk","4","3600","orca","3","3600","blue","decided","150","3","0","2364","0","36000","22400","3","1","82","2","5.1","84","1","5","0"
"1","550","1v1","stnk","1","900","heli","1","1200","red","decided","170","0","1","0","48","12000","15000","0","1","99","4","4","90","4","4","0"
"1","524","cost","ltnk","5","3750","heli","3","3600","none","timeout","4500","2","3","898","3600","0","122140","0","3","-1","-1","-1","79","3","4","0"
"1","551","cost","stnk","4","3600","heli","3","3600","blue","decided","190","3","0","2160","0","54000","24000","3","1","80","3","6","84","3","4","0"
"1","552","cost-spotted","stnk","4","3600","heli","3","3600","blue","decided","205","2","0","1440","0","49500","36000","3","2","83","2","6","78","3","4","0"
"1","556","1v1","arty","1","600","orca","1","1200","red","decided","135","0","1","0","1200","0","8400","0","1","-1","-1","-1","113","3","3","0"
"1","553","1v1","arty","1","600","mlrs","1","600","blue","decided","350","1","0","600","0","22400","0","1","0","285","4.1","4.1","-1","-1","-1","0"
"1","554","cost","arty","6","3600","mlrs","6","3600","blue","decided","375","4","0","2201","0","133000","20520","6","2","111","4","9.1","166","3","5","0"
"1","555","cost-spotted","arty","6","3600","mlrs","6","3600","blue","decided","320","6","0","3089","0","137648","6384","6","0","101","8","13","179","4","5","0"
"1","559","1v1","arty","1","600","heli","1","1200","red","decided","150","0","1","0","1200","0","7500","0","1","-1","-1","-1","109","2","2","0"
"1","560","cost","arty","6","3600","heli","3","3600","red","decided","200","0","3","0","3600","0","45375","0","6","-1","-1","-1","84","3","3","0"
"1","557","cost","arty","6","3600","orca","3","3600","red","decided","310","0","3","0","3600","0","50520","0","6","-1","-1","-1","89","1","6","0"
"1","558","cost-spotted","arty","6","3600","orca","3","3600","red","decided","300","0","3","0","3600","0","51028","0","6","-1","-1","-1","89","1","6.1","0"
"1","562","1v1","mlrs","1","600","orca","1","1200","blue","decided","130","1","0","413","0","10000","5600","1","0","104","5","5","111","5","5","0"
"1","561","cost-spotted","arty","6","3600","heli","3","3600","red","decided","200","0","3","0","3600","0","45375","0","6","-1","-1","-1","83","3","3","0"
"1","563","cost","mlrs","6","3600","orca","3","3600","blue","decided","135","5","0","2999","0","36500","20124","3","1","76","4","8.1","89","-1","4","0"
"1","564","cost-spotted","mlrs","6","3600","orca","3","3600","blue","decided","140","5","0","2998","0","40950","19648","3","1","78","3","9.1","89","2","5","0"
"1","566","cost","mlrs","6","3600","heli","3","3600","blue","decided","140","6","0","3060","0","45100","16200","3","0","77","4","10","82","3","4","0"
"1","567","cost-spotted","mlrs","6","3600","heli","3","3600","blue","decided","140","5","0","2999","0","43850","20824","3","1","79","4","10.2","80","3","4","0"
"1","565","1v1","mlrs","1","600","heli","1","1200","blue","decided","150","1","0","300","0","15000","9000","1","0","102","3","3","105","3","3","0"
"1","568","1v1","orca","1","1200","heli","1","1200","blue","decided","155","1","0","144","0","12600","8800","1","0","94","3","3","93","3","3","0"
"1","540","cost-spotted","ftnk","6","3600","heli","3","3600","red","decided","2545","0","3","0","3600","0","163830","0","6","-1","-1","-1","77","3","5","0"
"1","570","cost-spotted","orca","3","3600","heli","3","3600","blue","decided","335","1","0","144","0","38325","30800","3","2","84","3","4","82","3","3","0"
"1","569","cost","orca","3","3600","heli","3","3600","blue","decided","345","1","0","144","0","39186","30800","3","2","84","3","4","82","3","4","0"
"1","571","tower","e1","24","2400","gtwr","1","600","red","decided","750","0","1","0","338","17500","134055","0","24","373","4","4.1","273","8","8.2","0"
"1","573","tower","e1","24","2400","gun","1","600","blue","decided","765","23","0","2130","0","41000","13844","1","1","317","4","4.1","278","5","5","0"
"1","572","tower","e1","24","2400","atwr","1","1000","red","decided","1105","0","1","0","276","39800","126307","0","24","333","4","4.1","272","8","8","0"
"1","575","tower","e1","24","2400","sam","1","650","blue","decided","1080","24","0","2400","0","40000","0","1","0","327","3","4.1","-1","-1","-1","0"
"1","539","cost","ftnk","6","3600","heli","3","3600","none","timeout","4500","1","3","76","3600","0","159860","0","5","-1","-1","-1","81","1","5","0"
"1","578","tower","e2","15","2400","gtwr","1","600","blue","decided","445","8","0","294","0","41800","69739","1","7","335","-1","4.1","217","8","8.1","0"
"1","574","tower","e1","24","2400","obli","1","1500","blue","decided","1275","12","0","1200","0","75000","432000","1","12","329","4","4.1","293","-1","-1","0"
"1","577","raid","e1","12","1200","proc","1","1500","blue","decided","935","12","0","1200","0","100200","0","1","0","327","3.2","4.5","-1","-1","-1","0"
"1","579","tower","e2","15","2400","atwr","1","1000","blue","decided","440","12","0","1124","0","57150","40401","1","3","300","-1","4.1","220","7","7.1","0"
"1","580","tower","e2","15","2400","gun","1","600","blue","decided","385","15","0","2250","0","42425","4680","1","0","295","4","4","223","5","5","0"
"1","581","tower","e2","15","2400","obli","1","1500","blue","decided","445","12","0","1871","0","77100","74068","1","3","313","4","4","248","-1","-1","0"
"1","582","tower","e2","15","2400","sam","1","650","blue","decided","450","15","0","2400","0","40823","0","1","0","291","3","4.1","-1","-1","-1","0"
"1","576","raid","e1","12","1200","harv","1","1100","blue","decided","1420","12","0","1200","0","62500","0","1","0","317","4","4","-1","-1","-1","0"
"1","583","raid","e2","8","1280","harv","1","1100","blue","decided","570","8","0","1280","0","62917","0","1","0","293","4","4","-1","-1","-1","0"
"1","584","raid","e2","8","1280","proc","1","1500","blue","decided","565","8","0","1280","0","102250","0","1","0","292","3.2","4.1","-1","-1","-1","0"
"1","585","tower","e3","8","2400","gtwr","1","600","red","decided","665","0","1","0","23","38500","40620","0","8","405","6","6","387","6","8.1","0"
"1","587","tower","e3","8","2400","gun","1","600","blue","decided","585","8","0","1916","0","42000","7260","1","0","405","6","6","389","6","6","0"
"1","586","tower","e3","8","2400","atwr","1","1000","blue","decided","670","5","0","498","0","56000","29862","1","3","413","6","6","369","8.1","8.1","0"
"1","588","tower","e3","8","2400","obli","1","1500","blue","decided","800","2","0","600","0","77000","186480","1","6","450","5","6","385","-1","-1","0"
"1","589","tower","e3","8","2400","sam","1","650","blue","decided","650","8","0","2400","0","40250","0","1","0","428","5","6.1","-1","-1","-1","0"
"1","592","tower","e4","12","2400","gtwr","1","600","blue","decided","495","10","0","1433","0","40000","45975","1","2","375","3","3","277","7.1","7.3","0"
"1","590","raid","e3","4","1200","harv","1","1100","blue","decided","735","4","0","1200","0","63000","0","1","0","457","6","6","-1","-1","-1","0"
"1","593","tower","e4","12","2400","atwr","1","1000","blue","decided","500","11","0","1696","0","56000","32404","1","1","379","3","3.2","271","8.1","8.2","0"
"1","594","tower","e4","12","2400","gun","1","600","blue","decided","460","12","0","2294","0","44000","4788","1","0","360","3","3","280","5.1","5.1","0"
"1","595","tower","e4","12","2400","obli","1","1500","blue","decided","475","10","0","2000","0","76000","72000","1","2","360","3","3","297","-1","-1","0"
"1","591","raid","e3","4","1200","proc","1","1500","blue","decided","950","4","0","1200","0","101500","0","1","0","470","5.1","6.1","-1","-1","-1","0"
"1","596","tower","e4","12","2400","sam","1","650","blue","decided","485","12","0","2400","0","40000","0","1","0","353","3.2","3.2","-1","-1","-1","0"
"1","598","raid","e4","6","1200","proc","1","1500","blue","decided","590","6","0","1200","0","100000","0","1","0","348","2.2","3.2","-1","-1","-1","0"
"1","599","tower","e5","8","2400","gtwr","1","600","blue","decided","500","6","0","1255","0","42000","36885","1","2","377","3","3","275","7.1","7.1","0"
"1","600","tower","e5","8","2400","atwr","1","1000","blue","decided","510","7","0","1487","0","60000","27726","1","1","376","3","3","276","7.1","7.1","0"
"1","601","tower","e5","8","2400","gun","1","600","blue","decided","455","8","0","2225","0","42000","5236","1","0","373","3","3","280","5.1","5.1","0"
"1","602","tower","e5","8","2400","obli","1","1500","blue","decided","510","5","0","1500","0","78000","108000","1","3","370","2","3","294","-1","-1","0"
"1","603","tower","e5","8","2400","sam","1","650","blue","decided","490","8","0","2400","0","42000","0","1","0","356","2","3.2","-1","-1","-1","0"
"1","604","raid","e5","4","1200","harv","1","1100","blue","decided","550","4","0","1199","0","66000","36","1","0","375","3","3","548","-1","-1","0"
"1","597","raid","e4","6","1200","harv","1","1100","blue","decided","1810","6","0","1199","0","62800","36","1","0","337","3","3","1810","-1","-1","0"
"1","605","raid","e5","4","1200","proc","1","1500","blue","decided","970","4","0","1200","0","100800","0","1","0","386","2.2","3.2","-1","-1","-1","0"
"1","606","tower","rmbo","2","3000","gtwr","1","600","none","stalemate","1125","2","1","3000","600","0","0","0","0","-1","-1","-1","-1","-1","-1","0"
"1","607","tower","rmbo","2","3000","atwr","1","1000","none","stalemate","1125","2","1","3000","1000","0","0","0","0","-1","-1","-1","-1","-1","-1","0"
"1","608","tower","rmbo","2","3000","gun","1","600","none","stalemate","1125","2","1","3000","600","0","0","0","0","-1","-1","-1","-1","-1","-1","0"
"1","609","tower","rmbo","2","3000","obli","1","1500","none","stalemate","1125","2","1","3000","1500","0","0","0","0","-1","-1","-1","-1","-1","-1","0"
"1","614","tower","jeep","6","2400","atwr","1","1000","red","decided","575","0","1","0","753","13570","105510","0","6","120","4","4","113","6","6","0"
"1","610","tower","rmbo","2","3000","sam","1","650","none","stalemate","1125","2","1","3000","650","0","0","0","0","-1","-1","-1","-1","-1","-1","0"
"1","613","tower","jeep","6","2400","gtwr","1","600","red","decided","755","0","1","0","188","27485","100470","0","6","120","4","4","106","7","7","0"
"1","611","raid","rmbo","1","1500","harv","1","1100","none","stalemate","1125","1","1","1500","1100","0","0","0","0","-1","-1","-1","-1","-1","-1","0"
"1","615","tower","jeep","6","2400","gun","1","600","red","decided","590","0","1","0","383","14835","103752","0","6","120","4","4","111","4","4.1","0"
"1","612","raid","rmbo","1","1500","proc","1","1500","none","stalemate","1125","1","1","1500","1500","0","0","0","0","-1","-1","-1","-1","-1","-1","0"
"1","616","tower","jeep","6","2400","obli","1","1500","red","decided","595","0","1","0","1203","14835","222552","0","6","120","4","4","144","-1","-1","0"
"1","621","tower","apc","4","2400","atwr","1","1000","red","decided","525","0","1","0","632","20250","81690","0","4","150","5","5","146","5","7","0"
"1","620","tower","apc","4","2400","gtwr","1","600","blue","decided","595","4","0","1386","0","40000","32103","1","0","150","5","5","137","7","8","0"
"1","617","tower","jeep","6","2400","sam","1","650","blue","decided","1125","6","0","2400","0","40025","0","1","0","119","3","4","-1","-1","-1","0"
"1","622","tower","apc","4","2400","gun","1","600","red","decided","540","0","1","0","333","18250","81770","0","4","150","5","5","141","5","5.1","0"
"1","623","tower","apc","4","2400","obli","1","1500","red","decided","445","0","1","0","1285","10750","144780","0","4","150","5","5","171","-1","-1","0"
"1","618","raid","jeep","3","1200","harv","1","1100","blue","decided","1610","3","0","1200","0","62560","0","1","0","140","3","4","-1","-1","-1","0"
"1","627","tower","mtnk","3","2700","gtwr","1","600","blue","decided","435","3","0","2487","0","40000","10674","1","0","271","4.1","4.5","252","7.3","7.3","0"
"1","624","tower","apc","4","2400","sam","1","650","blue","decided","915","4","0","2400","0","40000","0","1","0","147","4","5","-1","-1","-1","0"
"1","628","tower","mtnk","3","2700","atwr","1","1000","blue","decided","475","3","0","1751","0","56000","47430","1","0","271","4.1","4.5","254","7.3","7.3","0"
"1","629","tower","mtnk","3","2700","gun","1","600","blue","decided","435","3","0","1902","0","44000","39920","1","0","271","4.1","4.5","256","5.1","5.1","0"
"1","625","raid","apc","2","1200","harv","1","1100","blue","decided","1290","2","0","1200","0","62500","0","1","0","163","4","5","-1","-1","-1","0"
"1","630","tower","mtnk","3","2700","obli","1","1500","blue","decided","715","1","0","177","0","76000","180440","1","2","271","4.1","4.5","282","4.1","4.5","0"
"1","619","raid","jeep","3","1200","proc","1","1500","blue","decided","2485","3","0","1200","0","100050","0","1","0","140","3.2","4.1","-1","-1","-1","0"
"1","631","tower","mtnk","3","2700","sam","1","650","blue","decided","590","3","0","2700","0","40000","0","1","0","272","4","4.1","-1","-1","-1","0"
"1","634","tower","htnk","1","1800","gtwr","1","600","blue","decided","610","1","0","1651","0","41200","7200","1","0","464","4.1","4.1","433","5.1","5.1","0"
"1","632","raid","mtnk","1","900","harv","1","1100","blue","decided","900","1","0","900","0","64000","0","1","0","299","4.1","4.1","-1","-1","-1","0"
"1","626","raid","apc","2","1200","proc","1","1500","blue","decided","1960","2","0","1200","0","100000","0","1","0","160","4.1","5.1","-1","-1","-1","0"
"1","635","tower","htnk","1","1800","atwr","1","1000","blue","decided","665","1","0","931","0","55400","42000","1","0","464","4.1","4.1","430","5.1","5.1","0"
"1","636","tower","htnk","1","1800","gun","1","600","blue","decided","610","1","0","1055","0","41200","36000","1","0","464","4.1","4.1","440","5.1","5.1","0"
"1","633","raid","mtnk","1","900","proc","1","1500","blue","decided","1255","1","0","900","0","100000","0","1","0","297","4.1","4.1","-1","-1","-1","0"
"1","637","tower","htnk","1","1800","obli","1","1500","red","decided","630","0","1","0","596","45200","108000","0","1","464","4.1","4.1","446","5.1","5.1","0"
"1","641","tower","msam","3","2700","gtwr","1","600","blue","decided","400","3","0","2700","0","40344","0","1","0","217","11","11","-1","-1","-1","0"
"1","639","raid","htnk","1","1800","harv","1","1100","blue","decided","710","1","0","1800","0","63800","0","1","0","464","4.1","4.1","-1","-1","-1","0"
"1","638","tower","htnk","1","1800","sam","1","650","blue","decided","775","1","0","1800","0","40100","0","1","0","466","4","4","-1","-1","-1","0"
"1","640","raid","htnk","1","1800","proc","1","1500","blue","decided","805","1","0","1800","0","103600","0","1","0","459","4.1","4.1","-1","-1","-1","0"
"1","642","tower","msam","3","2700","atwr","1","1000","blue","decided","430","3","0","2700","0","55332","0","1","0","218","11","11","-1","-1","-1","0"
"1","643","tower","msam","3","2700","gun","1","600","blue","decided","405","3","0","2700","0","41940","0","1","0","217","11","11","-1","-1","-1","0"
"1","644","tower","msam","3","2700","obli","1","1500","blue","decided","530","3","0","2700","0","75096","0","1","0","217","11","11","-1","-1","-1","0"
"1","645","tower","msam","3","2700","sam","1","650","blue","decided","535","3","0","2700","0","40314","0","1","0","222","10","11","-1","-1","-1","0"
"1","649","tower","bggy","8","2400","atwr","1","1000","red","decided","520","0","1","0","720","15400","103206","0","8","103","4","4","97","6","7","0"
"1","646","raid","msam","1","900","harv","1","1100","blue","decided","975","1","0","900","0","63588","0","1","0","246","11","11","-1","-1","-1","0"
"1","648","tower","bggy","8","2400","gtwr","1","600","red","decided","790","0","1","0","98","33500","101901","0","8","103","4","4","91","7","7","0"
"1","650","tower","bggy","8","2400","gun","1","600","red","decided","575","0","1","0","344","17500","107288","0","8","103","4","4","113","4","4","0"
"1","647","raid","msam","1","900","proc","1","1500","blue","decided","1085","1","0","900","0","100290","0","1","0","250","10","10","-1","-1","-1","0"
"1","651","tower","bggy","8","2400","obli","1","1500","red","decided","765","0","1","0","1012","24400","298968","0","8","103","4","4","133","-1","-1","0"
"1","655","tower","bike","5","2500","gtwr","1","600","blue","decided","290","3","0","960","0","40300","35580","1","2","114","6","6","90","6","9","0"
"1","656","tower","bike","5","2500","atwr","1","1000","red","decided","335","0","1","0","211","43400","63324","0","5","114","6","6","102","6","8","0"
"1","657","tower","bike","5","2500","gun","1","600","blue","decided","280","2","0","772","0","43400","44112","1","3","114","6","6","96","6","6","0"
"1","652","tower","bggy","8","2400","sam","1","650","blue","decided","975","8","0","2400","0","40000","0","1","0","102","3","4","-1","-1","-1","0"
"1","658","tower","bike","5","2500","obli","1","1500","blue","decided","435","1","0","467","0","77500","147744","1","4","114","6","6","129","-1","-1","0"
"1","659","tower","bike","5","2500","sam","1","650","blue","decided","315","5","0","2500","0","40300","0","1","0","118","5","6","-1","-1","-1","0"
"1","660","raid","bike","2","1000","harv","1","1100","blue","decided","480","2","0","1000","0","65100","0","1","0","129","6","6","-1","-1","-1","0"
"1","662","tower","ltnk","3","2250","gtwr","1","600","blue","decided","440","3","0","1889","0","41800","15417","1","0","200","4","4","181","7","7","0"
"1","653","raid","bggy","4","1200","harv","1","1100","blue","decided","1405","4","0","1199","0","62500","24","1","0","114","3","4","1402","-1","-1","0"
"1","663","tower","ltnk","3","2250","atwr","1","1000","blue","decided","600","1","0","395","0","55000","80900","1","2","200","4","4","183","6","6","0"
"1","664","tower","ltnk","3","2250","gun","1","600","blue","decided","480","2","0","931","0","41800","57180","1","1","200","4","4","184","4","4","0"
"1","661","raid","bike","2","1000","proc","1","1500","blue","decided","860","2","0","1000","0","101200","0","1","0","129","5.1","6.1","-1","-1","-1","0"
"1","665","tower","ltnk","3","2250","obli","1","1500","red","decided","395","0","1","0","1192","15400","108300","0","3","200","4","4","213","-1","-1","0"
"1","666","tower","ltnk","3","2250","sam","1","650","blue","decided","585","3","0","2250","0","40700","0","1","0","199","3","4","-1","-1","-1","0"
"1","669","tower","ftnk","4","2400","gtwr","1","600","blue","decided","310","4","0","2216","0","45000","8289","1","0","224","3.2","3.2","187","7","7","0"
"1","670","tower","ftnk","4","2400","atwr","1","1000","blue","decided","320","4","0","1714","0","60000","30870","1","0","224","3.2","3.2","189","7","7","0"
"1","667","raid","ltnk","2","1500","harv","1","1100","blue","decided","630","2","0","1500","0","63800","0","1","0","209","3","4","-1","-1","-1","0"
"1","654","raid","bggy","4","1200","proc","1","1500","blue","decided","2165","4","0","1200","0","100000","0","1","0","114","3.2","4.1","-1","-1","-1","0"
"1","671","tower","ftnk","4","2400","gun","1","600","blue","decided","310","4","0","1833","0","45000","25520","1","0","224","3.2","3.2","193","4.1","4.1","0"
"1","668","raid","ltnk","2","1500","proc","1","1500","blue","decided","900","2","0","1500","0","101200","0","1","0","207","3.2","4.1","-1","-1","-1","0"
"1","673","tower","ftnk","4","2400","sam","1","650","blue","decided","385","4","0","2400","0","41250","0","1","0","230","3","3","-1","-1","-1","0"
"1","672","tower","ftnk","4","2400","obli","1","1500","red","decided","490","0","1","0","374","56295","166770","0","4","218","-1","3.2","218","-1","-1","0"
"1","676","tower","stnk","3","2700","gtwr","1","600","blue","decided","300","3","0","2700","0","43200","0","1","0","170","7","7","-1","-1","-1","0"
"1","675","raid","ftnk","2","1200","proc","1","1500","blue","decided","500","2","0","1200","0","105000","0","1","0","244","3.2","3.2","-1","-1","-1","0"
"1","678","tower","stnk","3","2700","gun","1","600","blue","decided","300","3","0","2700","0","43200","0","1","0","171","7","7","-1","-1","-1","0"
"1","677","tower","stnk","3","2700","atwr","1","1000","blue","decided","370","1","0","149","0","59400","42960","1","2","171","7","7","164","7","9","0"
"1","679","tower","stnk","3","2700","obli","1","1500","red","decided","370","0","1","0","636","43200","108000","0","3","171","7","7","189","-1","-1","0"
"1","680","tower","stnk","3","2700","sam","1","650","blue","decided","345","3","0","2700","0","40500","0","1","0","170","6","7","-1","-1","-1","0"
"1","674","raid","ftnk","2","1200","harv","1","1100","blue","decided","865","2","0","1200","0","63000","0","1","0","246","3.2","3.2","-1","-1","-1","0"
"1","681","raid","stnk","1","900","harv","1","1100","blue","decided","595","1","0","900","0","64800","0","1","0","186","7","7","-1","-1","-1","0"
"1","683","tower","arty","4","2400","gtwr","1","600","blue","decided","440","4","0","2400","0","42225","0","1","0","228","11","11","-1","-1","-1","0"
"1","684","tower","arty","4","2400","atwr","1","1000","blue","decided","500","4","0","2400","0","56325","0","1","0","225","11","11","-1","-1","-1","0"
"1","685","tower","arty","4","2400","gun","1","600","blue","decided","425","4","0","2400","0","44100","0","1","0","227","11","11","-1","-1","-1","0"
"1","686","tower","arty","4","2400","obli","1","1500","blue","decided","495","4","0","2400","0","76350","0","1","0","224","11","11","-1","-1","-1","0"
"1","687","tower","arty","4","2400","sam","1","650","blue","decided","505","4","0","2400","0","42186","0","1","0","230","10","11","-1","-1","-1","0"
"1","682","raid","stnk","1","900","proc","1","1500","blue","decided","1065","1","0","900","0","103500","0","1","0","185","6.1","6.1","-1","-1","-1","0"
"1","689","raid","arty","2","1200","proc","1","1500","blue","decided","560","2","0","1200","0","101100","0","1","0","1","-1","11","-1","-1","-1","0"
"1","688","raid","arty","2","1200","harv","1","1100","blue","decided","655","2","0","1200","0","69225","0","1","0","250","11","11","-1","-1","-1","0"
"1","690","tower","mlrs","4","2400","gtwr","1","600","none","stalemate","1125","4","1","2400","600","0","0","0","0","-1","-1","-1","-1","-1","-1","0"
"1","691","tower","mlrs","4","2400","atwr","1","1000","none","stalemate","1125","4","1","2400","1000","0","0","0","0","-1","-1","-1","-1","-1","-1","0"
"1","692","tower","mlrs","4","2400","gun","1","600","none","stalemate","1125","4","1","2400","600","0","0","0","0","-1","-1","-1","-1","-1","-1","0"
"1","693","tower","mlrs","4","2400","obli","1","1500","none","stalemate","1125","4","1","2400","1500","0","0","0","0","-1","-1","-1","-1","-1","-1","0"
"1","694","tower","mlrs","4","2400","sam","1","650","none","stalemate","1125","4","1","2400","650","0","0","0","0","-1","-1","-1","-1","-1","-1","0"
"1","695","raid","mlrs","2","1200","harv","1","1100","none","stalemate","1125","2","1","1200","1100","0","0","0","0","-1","-1","-1","-1","-1","-1","0"
"1","698","tower","orca","2","2400","atwr","1","1000","red","decided","225","0","1","0","771","12600","23415","0","2","155","5","5","137","7","7","0"
"1","701","tower","orca","2","2400","sam","1","650","red","decided","240","0","1","0","377","16800","21770","0","2","155","5","5","139","5","6","0"
"1","697","tower","orca","2","2400","gtwr","1","600","blue","decided","870","2","0","2400","0","42000","0","1","0","155","5","5","-1","-1","-1","0"
"1","696","raid","mlrs","2","1200","proc","1","1500","none","stalemate","1125","2","1","1200","1500","0","0","0","0","-1","-1","-1","-1","-1","-1","0"
"1","699","tower","orca","2","2400","gun","1","600","blue","decided","870","2","0","2400","0","42000","0","1","0","155","5","5","-1","-1","-1","0"
"1","705","tower","heli","2","2400","atwr","1","1000","red","decided","250","0","1","0","909","5000","27825","0","2","148","4","4","139","7","7","0"
"1","702","raid","orca","1","1200","harv","1","1100","blue","decided","1375","1","0","1200","0","63000","0","1","0","163","5","5","-1","-1","-1","0"
"1","700","tower","orca","2","2400","obli","1","1500","blue","decided","1670","2","0","2400","0","75600","0","1","0","155","5","5","-1","-1","-1","0"
"1","708","tower","heli","2","2400","sam","1","650","red","decided","220","0","1","0","569","5000","27440","0","2","148","4","4","140","5","5","0"
"1","703","raid","orca","1","1200","proc","1","1500","blue","decided","1675","1","0","1200","0","100800","0","1","0","162","5.1","5.1","-1","-1","-1","0"
"1","704","tower","heli","2","2400","gtwr","1","600","blue","decided","2600","2","0","2400","0","40000","0","1","0","148","4","4","-1","-1","-1","0"
"1","706","tower","heli","2","2400","gun","1","600","blue","decided","2670","2","0","2400","0","41000","0","1","0","148","4","4","-1","-1","-1","0"
"1","710","raid","heli","1","1200","proc","1","1500","blue","decided","2185","1","0","1200","0","100500","0","1","0","155","4.1","4.1","-1","-1","-1","0"
"1","707","tower","heli","2","2400","obli","1","1500","none","timeout","4500","2","1","2400","160","67000","0","0","0","148","4","4","-1","-1","-1","0"
"1","709","raid","heli","1","1200","harv","1","1100","blue","decided","4220","1","0","1200","0","62500","0","1","0","156","4","4","-1","-1","-1","0"
"2","3","cost-spotted","e1","36","3600","e2","23","3680","blue","decided","275","22","0","1253","0","123351","128150","23","14","134","3","4.5","170","-1","4.5","0"
"2","1","1v1","e1","1","100","e2","1","160","blue","decided","295","1","0","13","0","5445","4375","1","0","173","3","3","221","3","3","0"
"2","6","cost-spotted","e1","36","3600","e3","12","3600","blue","decided","310","36","0","3373","0","56174","11365","12","0","191","3.2","4.5","174","3","5.1","0"
"2","5","cost","e1","36","3600","e3","12","3600","blue","decided","315","36","0","3309","0","56381","14554","12","0","191","3.2","4.5","174","3","5.1","0"
"2","2","cost","e1","36","3600","e2","23","3680","blue","decided","320","16","0","650","0","123190","160075","23","20","134","3","4.2","171","3.2","4.5","0"
"2","4","1v1","e1","1","100","e3","1","300","blue","decided","345","1","0","72","0","4500","1400","1","0","261","3","3","227","4","4","0"
"2","10","1v1","e1","1","100","e5","1","300","red","decided","215","0","1","0","250","1500","5600","0","1","210","2","2","212","-1","-1","0"
"2","7","1v1","e1","1","100","e4","1","200","red","decided","270","0","1","0","133","3000","6600","0","1","210","2","2","212","2","2","0"
"2","11","cost","e1","36","3600","e5","12","3600","blue","decided","280","31","0","2454","0","112123","61606","12","5","153","3.2","4.5","155","3.2","4.1","0"
"2","8","cost","e1","36","3600","e4","18","3600","blue","decided","310","27","0","1909","0","168482","97257","18","9","153","3.2","4.5","155","3.2","4.1","0"
"2","9","cost-spotted","e1","36","3600","e4","18","3600","blue","decided","295","28","0","2362","0","169169","74602","18","8","153","3.2","4.5","155","3.2","4.1","0"
"2","12","cost-spotted","e1","36","3600","e5","12","3600","blue","decided","275","30","0","2456","0","111589","61656","12","6","153","3.2","4.5","155","3.2","4.1","0"
"2","13","1v1","e1","1","100","rmbo","1","1500","red","decided","155","0","1","0","1500","0","10000","0","1","-1","-1","-1","152","-1","-1","0"
"2","16","1v1","e1","1","100","jeep","1","400","red","decided","130","0","1","0","390","400","5173","0","1","120","2","2","107","2","2","0"
"2","14","cost","e1","36","3600","rmbo","2","3000","blue","decided","235","31","0","3100","0","30000","50000","2","5","153","3.2","4.2","107","-1","-1","0"
"2","15","cost-spotted","e1","36","3600","rmbo","2","3000","blue","decided","255","32","0","3200","0","30375","40000","2","4","172","3.2","4.2","107","-1","-1","0"
"2","18","cost-spotted","e1","36","3600","jeep","9","3600","red","decided","300","0","8","0","2058","62048","191510","1","36","92","3","4.5","86","2","4.5","0"
"2","17","cost","e1","36","3600","jeep","9","3600","red","decided","325","0","6","0","1852","70452","192799","3","36","92","3","4.1","80","2","4.5","0"
"2","19","1v1","e1","1","100","apc","1","600","red","decided","410","0","1","0","559","1300","5055","0","1","148","2","2","112","3","3","0"
"2","22","1v1","e1","1","100","mtnk","1","900","red","decided","495","0","1","0","866","1700","5000","0","1","172","3","3","172","3","3","0"
"2","25","1v1","e1","1","100","htnk","1","1800","red","decided","285","0","1","0","1792","400","5414","0","1","212","3","3","206","3","3","0"
"2","21","cost-spotted","e1","36","3600","apc","6","3600","blue","decided","900","26","0","2186","0","114210","71587","6","10","96","3.2","4.1","85","3","4.1","0"
"2","20","cost","e1","36","3600","apc","6","3600","blue","decided","960","25","0","2141","0","114260","73960","6","11","96","3.2","4.1","84","3","4.1","0"
"2","28","1v1","e1","1","100","msam","1","900","red","decided","410","0","1","0","630","3600","5184","0","1","243","3","3.2","161","5","5","0"
"2","29","cost","e1","36","3600","msam","4","3600","blue","decided","430","28","0","1536","0","48371","103704","4","8","192","3.6","4.1","119","8.2","12.4","0"
"2","23","cost","e1","36","3600","mtnk","4","3600","blue","decided","1370","28","0","2427","0","180260","59890","4","8","134","3.2","4.2","126","3","4.5","0"
"2","24","cost-spotted","e1","36","3600","mtnk","4","3600","blue","decided","1375","28","0","2413","0","180210","60101","4","8","134","3.2","4.2","128","3","4.5","0"
"2","31","1v1","e1","1","100","bggy","1","300","red","decided","140","0","1","0","270","1200","5250","0","1","97","3","3","98","3","3","0"
"2","26","cost","e1","36","3600","htnk","2","3600","red","decided","1105","0","2","0","1843","84900","193091","0","36","171","3","4.1","158","2","4.5","0"
"2","27","cost-spotted","e1","36","3600","htnk","2","3600","red","decided","1085","0","2","0","1860","84100","195208","0","36","170","3","4.1","160","2","4.5","0"
"2","30","cost-spotted","e1","36","3600","msam","4","3600","blue","decided","485","25","0","1360","0","48560","113061","4","11","269","3.6","4.5","102","10.2","13.2","0"
"2","32","cost","e1","36","3600","bggy","12","3600","red","decided","340","0","7","0","1359","90725","193754","5","36","77","2.8","4.5","74","2","5.1","0"
"2","33","cost-spotted","e1","36","3600","bggy","12","3600","red","decided","340","0","6","0","1262","94779","191846","6","36","77","2.8","4.1","74","2","5.4","0"
"2","35","cost","e1","36","3600","bike","7","3500","blue","decided","300","35","0","3147","0","78820","22809","7","1","77","3.2","4.1","78","4","6","0"
"2","34","1v1","e1","1","100","bike","1","500","red","decided","525","0","1","0","136","8000","5085","0","1","126","3","3","98","3","3","0"
"2","36","cost-spotted","e1","36","3600","bike","7","3500","blue","decided","340","35","0","3150","0","77956","22598","7","1","96","3.2","4.2","78","3","6.1","0"
"2","40","1v1","e1","1","100","ftnk","1","600","red","decided","160","0","1","0","598","100","8200","0","1","153","2","2","160","-1","-1","0"
"2","37","1v1","e1","1","100","ltnk","1","750","red","decided","595","0","1","0","698","2200","5100","0","1","159","2","2","143","2","2","0"
"2","41","cost","e1","36","3600","ftnk","6","3600","red","decided","350","0","6","0","3188","18559","247107","0","36","115","2.2","4.5","127","2.2","5.1","0"
"2","42","cost-spotted","e1","36","3600","ftnk","6","3600","red","decided","350","0","6","0","3217","17224","241121","0","36","115","2.2","4.2","127","2.2","5.1","0"
"2","43","1v1","e1","1","100","stnk","1","900","red","decided","360","0","1","0","660","4000","5737","0","1","172","3","3","125","4","4","0"
"2","44","cost","e1","36","3600","stnk","4","3600","blue","decided","280","34","0","3166","0","60800","22432","4","2","134","3.2","4.1","95","4","5","0"
"2","45","cost-spotted","e1","36","3600","stnk","4","3600","blue","decided","280","34","0","3197","0","60600","20490","4","2","134","3.2","4.1","96","4","5","0"
"2","46","1v1","e1","1","100","arty","1","600","red","decided","355","0","1","0","408","2400","14280","0","1","200","2","4.1","177","3","3","0"
"2","39","cost-spotted","e1","36","3600","ltnk","5","3750","blue","decided","1095","30","0","2816","0","160260","39741","5","6","112","3","4.2","104","2","4","0"
"2","38","cost","e1","36","3600","ltnk","5","3750","blue","decided","1135","29","0","2738","0","160250","43699","5","7","112","3.2","4.2","111","2","4","0"
"2","47","cost","e1","36","3600","arty","6","3600","blue","decided","570","4","0","201","0","45964","261295","6","32","153","3.2","4.1","136","6","11.2","0"
"2","48","cost-spotted","e1","36","3600","arty","6","3600","red","decided","470","0","3","0","1074","32124","309050","3","36","210","3","4.2","118","10","12","0"
"2","52","1v1","e1","1","100","orca","1","1200","red","decided","440","0","1","0","1200","0","5208","0","1","-1","-1","-1","120","3","5","0"
"2","50","cost","e1","36","3600","mlrs","6","3600","blue","decided","545","25","0","2294","0","108496","79588","6","11","115","2.2","5.4","140","2.2","4.2","0"
"2","51","cost-spotted","e1","36","3600","mlrs","6","3600","blue","decided","485","27","0","2461","0","108768","65488","6","9","115","2.2","5.4","140","2.2","4.5","0"
"2","55","1v1","e1","1","100","heli","1","1200","red","decided","135","0","1","0","1200","0","5200","0","1","-1","-1","-1","116","2","2","0"
"2","49","1v1","e1","1","100","mlrs","1","600","blue","decided","1110","1","0","100","0","18000","0","1","0","153","2","4.1","-1","-1","-1","0"
"2","58","1v1","e2","1","160","e3","1","300","blue","decided","355","1","0","132","0","5375","868","1","0","250","3","3","200","3","3","0"
"2","59","cost","e2","23","3680","e3","12","3600","blue","decided","340","23","0","3137","0","61759","16977","12","0","202","3.2","5.4","149","4","5.4","0"
"2","60","cost-spotted","e2","23","3680","e3","12","3600","blue","decided","360","23","0","3181","0","62187","15602","12","0","205","3.2","5.4","149","4","6","0"
"2","61","1v1","e2","1","160","e4","1","200","red","decided","250","0","1","0","157","1950","6600","0","1","213","2","2","192","2","2","0"
"2","62","cost","e2","23","3680","e4","18","3600","blue","decided","335","13","0","1621","0","171867","78687","18","10","168","2.2","5.1","154","3","4.5","0"
"2","63","cost-spotted","e2","23","3680","e4","18","3600","blue","decided","285","15","0","1798","0","173136","71015","18","8","169","2.2","5.1","154","3","4.5","0"
"2","56","cost","e1","36","3600","heli","3","3600","none","stalemate","1515","23","3","2300","3600","0","68708","0","13","-1","-1","-1","91","2","5.1","0"
"2","57","cost-spotted","e1","36","3600","heli","3","3600","none","stalemate","1515","23","3","2228","3600","0","74720","0","13","-1","-1","-1","89","3","4.1","0"
"2","64","1v1","e2","1","160","e5","1","300","red","decided","195","0","1","0","300","0","5600","0","1","-1","-1","-1","192","-1","-1","0"
"2","67","1v1","e2","1","160","rmbo","1","1500","red","decided","140","0","1","0","1500","0","10000","0","1","-1","-1","-1","137","-1","-1","0"
"2","65","cost","e2","23","3680","e5","12","3600","blue","decided","320","17","0","1907","0","119255","59889","12","6","169","-1","4.5","154","3","4.1","0"
"2","66","cost-spotted","e2","23","3680","e5","12","3600","blue","decided","275","18","0","2232","0","114200","48690","12","5","168","-1","4.5","154","3","4.1","0"
"2","68","cost","e2","23","3680","rmbo","2","3000","blue","decided","270","18","0","2792","0","32025","47762","2","5","172","3.2","5","107","-1","3.6","0"
"2","70","1v1","e2","1","160","jeep","1","400","red","decided","120","0","1","0","400","0","5173","0","1","-1","-1","-1","100","2","2","0"
"2","69","cost-spotted","e2","23","3680","rmbo","2","3000","blue","decided","265","14","0","2217","0","33275","80922","2","9","206","3.6","4.1","92","-1","-1","0"
"2","71","cost","e2","23","3680","jeep","9","3600","red","decided","265","0","4","0","825","118108","125706","5","23","114","-1","5.1","79","3","5.1","0"
"2","72","cost-spotted","e2","23","3680","jeep","9","3600","red","decided","270","0","3","0","350","139308","126163","6","23","114","-1","5.4","79","2","5","0"
"2","74","cost","e2","23","3680","apc","6","3600","blue","decided","340","21","0","2860","0","118829","25752","6","2","122","3.2","5.1","77","3","4.1","0"
"2","73","1v1","e2","1","160","apc","1","600","red","decided","400","0","1","0","291","9792","5016","0","1","143","3","3","104","3","3","0"
"2","75","cost-spotted","e2","23","3680","apc","6","3600","blue","decided","325","21","0","2934","0","119884","23438","6","2","126","3.2","5.1","77","3","4.1","0"
"2","76","1v1","e2","1","160","mtnk","1","900","red","decided","475","0","1","0","714","9316","5000","0","1","191","3","3","154","3","3","0"
"2","79","1v1","e2","1","160","htnk","1","1800","red","decided","260","0","1","0","1765","1700","5469","0","1","231","2","2","183","2","2","0"
"2","77","cost","e2","23","3680","mtnk","4","3600","blue","decided","420","22","0","3036","0","184597","20298","4","1","155","3.2","5","115","3","4","0"
"2","78","cost-spotted","e2","23","3680","mtnk","4","3600","blue","decided","425","22","0","3088","0","182353","18515","4","1","155","3.2","4.5","116","3","4","0"
"2","80","cost","e2","23","3680","htnk","2","3600","blue","decided","510","15","0","1535","0","176926","68948","2","8","182","2.2","5.1","138","3","4.5","0"
"2","82","1v1","e2","1","160","msam","1","900","red","decided","375","0","1","0","411","6520","5097","0","1","238","3.2","3.2","146","5","5","0"
"2","83","cost","e2","23","3680","msam","4","3600","blue","decided","410","10","0","536","0","58353","99682","4","13","182","3.6","5.8","115","7.1","12","0"
"2","81","cost-spotted","e2","23","3680","htnk","2","3600","blue","decided","530","14","0","1398","0","176042","74088","2","9","185","-1","5.1","138","3","5.1","0"
"2","85","1v1","e2","1","160","bggy","1","300","red","decided","140","0","1","0","258","1680","5250","0","1","125","2","2","98","2","2","0"
"2","86","cost","e2","23","3680","bggy","12","3600","red","decided","265","0","3","0","338","143760","123289","9","23","108","3","5.4","68","2","5","0"
"2","87","cost-spotted","e2","23","3680","bggy","12","3600","red","decided","265","0","4","0","552","127944","124361","8","23","105","-1","5.4","74","2","4.1","0"
"2","84","cost-spotted","e2","23","3680","msam","4","3600","blue","decided","410","13","0","608","0","50653","97256","4","10","245","4.1","5.1","98","10","13.2","0"
"2","88","1v1","e2","1","160","bike","1","500","blue","decided","300","1","0","70","0","14720","2800","1","0","146","3","3","93","3","3","0"
"2","89","cost","e2","23","3680","bike","7","3500","blue","decided","280","22","0","3082","0","94188","18956","7","1","129","3.2","6","73","4","6","0"
"2","90","cost-spotted","e2","23","3680","bike","7","3500","blue","decided","310","22","0","3230","0","86240","14168","7","1","108","3","5.4","74","3","6.1","0"
"2","53","cost","e1","36","3600","orca","3","3600","none","timeout","4500","20","3","1792","3600","0","92672","0","16","-1","-1","-1","96","0","6.1","0"
"2","94","1v1","e2","1","160","ftnk","1","600","red","decided","145","0","1","0","600","0","8200","0","1","-1","-1","-1","141","-1","-1","0"
"2","54","cost-spotted","e1","36","3600","orca","3","3600","none","timeout","4500","15","3","1196","3600","0","124524","0","21","-1","-1","-1","95","0","6.1","0"
"2","92","cost","e2","23","3680","ltnk","5","3750","blue","decided","415","21","0","3216","0","165038","14800","5","2","133","2","5","102","2","4","0"
"2","91","1v1","e2","1","160","ltnk","1","750","red","decided","580","0","1","0","391","15300","5082","0","1","164","2","2","131","2","2","0"
"2","93","cost-spotted","e2","23","3680","ltnk","5","3750","blue","decided","445","21","0","3202","0","164470","15149","5","2","134","2","5.4","102","2","4","0"
"2","95","cost","e2","23","3680","ftnk","6","3600","red","decided","260","0","4","0","992","118248","159304","2","23","140","-1","5.1","116","2.2","4.5","0"
"2","96","cost-spotted","e2","23","3680","ftnk","6","3600","red","decided","280","0","5","0","1647","88441","156225","1","23","140","-1","5.1","116","2.2","4.5","0"
"2","97","1v1","e2","1","160","stnk","1","900","red","decided","280","0","1","0","420","8000","5025","0","1","184","3","3","116","4","4","0"
"2","98","cost","e2","23","3680","stnk","4","3600","blue","decided","280","22","0","3050","0","63760","20199","4","1","141","3.2","4.5","91","3","5","0"
"2","99","cost-spotted","e2","23","3680","stnk","4","3600","blue","decided","275","22","0","3078","0","67250","19122","4","1","141","3.2","5.1","91","3","5","0"
"2","100","1v1","e2","1","160","arty","1","600","red","decided","295","0","1","0","600","0","11900","0","1","-1","-1","-1","293","-1","-1","0"
"2","101","cost","e2","23","3680","arty","6","3600","blue","decided","455","1","0","91","0","56688","156747","6","22","173","3","5.1","123","6.1","11.2","0"
"2","102","cost-spotted","e2","23","3680","arty","6","3600","red","decided","445","0","1","0","592","51712","177228","5","23","201","3.2","5.1","114","9","11","0"
"2","104","cost","e2","23","3680","mlrs","6","3600","blue","decided","420","12","0","1513","0","117346","74294","6","11","138","2.2","5","143","-1","5.7","0"
"2","103","1v1","e2","1","160","mlrs","1","600","blue","decided","515","1","0","160","0","18280","0","1","0","312","3.2","3.2","-1","-1","-1","0"
"2","105","cost-spotted","e2","23","3680","mlrs","6","3600","blue","decided","500","10","0","1408","0","116152","83190","6","13","136","1","7.3","146","1","4.5","0"
"2","109","1v1","e2","1","160","heli","1","1200","red","decided","130","0","1","0","1200","0","5092","0","1","-1","-1","-1","108","3","3","0"
"2","106","1v1","e2","1","160","orca","1","1200","red","decided","525","0","1","0","1200","0","5272","0","1","-1","-1","-1","115","3","6","0"
"2","112","1v1","e3","1","300","e4","1","200","red","decided","320","0","1","0","188","539","6600","0","1","228","3","3","263","3","3","0"
"2","113","cost","e3","12","3600","e4","18","3600","red","decided","390","0","18","0","3253","15594","65114","0","12","174","3","5.4","204","3","4.1","0"
"2","114","cost-spotted","e3","12","3600","e4","18","3600","red","decided","380","0","18","0","3246","15931","65164","0","12","174","3","5.4","204","3","4.5","0"
"2","115","1v1","e3","1","300","e5","1","300","red","decided","265","0","1","0","277","700","5600","0","1","227","4","4","263","-1","-1","0"
"2","116","cost","e3","12","3600","e5","12","3600","red","decided","375","0","12","0","3082","15546","67088","0","12","174","3","5.1","204","-1","4.1","0"
"2","117","cost-spotted","e3","12","3600","e5","12","3600","red","decided","390","0","12","0","3069","15938","70616","0","12","174","3","5","204","-1","4.1","0"
"2","111","cost-spotted","e2","23","3680","heli","3","3600","none","stalemate","1435","11","3","1740","3600","0","66051","0","12","-1","-1","-1","85","2","5.1","0"
"2","118","1v1","e3","1","300","rmbo","1","1500","red","decided","170","0","1","0","1500","0","10000","0","1","-1","-1","-1","167","-1","-1","0"
"2","110","cost","e2","23","3680","heli","3","3600","none","stalemate","1505","7","3","1110","3600","0","91728","0","16","-1","-1","-1","88","2","4.1","0"
"2","121","1v1","e3","1","300","jeep","1","400","red","decided","145","0","1","0","313","3500","5173","0","1","119","3","3","122","3","3","0"
"2","122","cost","e3","12","3600","jeep","9","3600","red","decided","200","0","7","0","2141","62705","60160","2","12","92","3","5","93","2","4.1","0"
"2","123","cost-spotted","e3","12","3600","jeep","9","3600","red","decided","200","0","7","0","2286","56865","59615","2","12","92","3","6.1","91","3","4.1","0"
"2","119","cost","e3","12","3600","rmbo","2","3000","red","decided","525","0","2","0","2147","8530","120000","0","12","152","5.1","6.1","122","-1","-1","0"
"2","120","cost-spotted","e3","12","3600","rmbo","2","3000","red","decided","565","0","2","0","1989","10113","120000","0","12","178","-1","6.1","122","-1","-1","0"
"2","124","1v1","e3","1","300","apc","1","600","red","decided","380","0","1","0","47","17500","4554","0","1","151","3","3","121","3","3","0"
"2","126","cost-spotted","e3","12","3600","apc","6","3600","blue","decided","335","10","0","2717","0","127315","13348","6","2","117","4","6.1","91","3","4.5","0"
"2","125","cost","e3","12","3600","apc","6","3600","blue","decided","365","10","0","2663","0","125975","14163","6","2","116","4","6.1","91","3","4.5","0"
"2","127","1v1","e3","1","300","mtnk","1","900","red","decided","470","0","1","0","550","17500","4500","0","1","197","3","3","189","3","3","0"
"2","128","cost","e3","12","3600","mtnk","4","3600","blue","decided","410","11","0","2884","0","185610","10735","4","1","147","3","6.1","147","3","4.1","0"
"2","130","1v1","e3","1","300","htnk","1","1800","red","decided","300","0","1","0","1728","3500","4700","0","1","252","3","3","245","3","3","0"
"2","129","cost-spotted","e3","12","3600","mtnk","4","3600","blue","decided","415","10","0","2848","0","185540","11275","4","2","147","3","6.1","145","3","4.1","0"
"2","133","1v1","e3","1","300","msam","1","900","blue","decided","370","1","0","29","0","14000","4062","1","0","204","5","5","187","5","5","0"
"2","131","cost","e3","12","3600","htnk","2","3600","blue","decided","600","3","0","399","0","176260","53014","2","9","199","3","5","181","3","5","0"
"2","132","cost-spotted","e3","12","3600","htnk","2","3600","red","decided","665","0","1","0","110","169190","60369","1","12","178","5","5.1","194","4","4.1","0"
"2","134","cost","e3","12","3600","msam","4","3600","red","decided","545","0","2","0","1484","32220","55146","2","12","194","5","6.1","133","8","13","0"
"2","136","1v1","e3","1","300","bggy","1","300","red","decided","125","0","1","0","213","3500","4500","0","1","115","2","2","104","2","2","0"
"2","137","cost","e3","12","3600","bggy","12","3600","red","decided","195","0","9","0","2451","52149","57356","3","12","90","4","4.5","80","3","5.1","0"
"2","135","cost-spotted","e3","12","3600","msam","4","3600","red","decided","450","0","3","0","2660","14528","55017","1","12","419","-1","6.1","115","12","13","0"
"2","138","cost-spotted","e3","12","3600","bggy","12","3600","red","decided","190","0","9","0","2442","51216","55867","3","12","90","4","6","79","3","5.1","0"
"2","139","1v1","e3","1","300","bike","1","500","blue","decided","290","1","0","141","0","14000","2380","1","0","122","4","4","105","4","4","0"
"2","140","cost","e3","12","3600","bike","7","3500","blue","decided","350","11","0","2709","0","89754","13422","7","1","99","5","6.4","83","5","6","0"
"2","141","cost-spotted","e3","12","3600","bike","7","3500","blue","decided","330","11","0","2753","0","87965","12914","7","1","94","5","6.4","83","4","6","0"
"2","143","cost","e3","12","3600","ltnk","5","3750","blue","decided","375","11","0","3034","0","167545","8490","5","1","120","3","6.1","120","3","4","0"
"2","142","1v1","e3","1","300","ltnk","1","750","red","decided","545","0","1","0","176","24500","4500","0","1","170","2","2","153","2","2","0"
"2","145","1v1","e3","1","300","ftnk","1","600","red","decided","175","0","1","0","522","3500","8200","0","1","171","3","3","174","-1","-1","0"
"2","107","cost","e2","23","3680","orca","3","3600","none","timeout","4500","4","3","324","3600","0","108233","0","19","-1","-1","-1","90","1","6.1","0"
"2","108","cost-spotted","e2","23","3680","orca","3","3600","none","timeout","4500","8","3","1198","3600","0","80164","0","15","-1","-1","-1","90","1","6","0"
"2","144","cost-spotted","e3","12","3600","ltnk","5","3750","blue","decided","375","11","0","3032","0","171065","8526","5","1","120","3","6","123","3","4","0"
"2","146","cost","e3","12","3600","ftnk","6","3600","red","decided","290","0","4","0","1582","93180","77991","2","12","123","3","6","141","-1","5.1","0"
"2","148","1v1","e3","1","300","stnk","1","900","draw","decided","375","0","0","0","0","17500","4972","1","1","152","5","5","135","5","5","0"
"2","151","1v1","e3","1","300","arty","1","600","red","decided","260","0","1","0","40","7000","8540","0","1","204","5","5","197","5","5","0"
"2","147","cost-spotted","e3","12","3600","ftnk","6","3600","red","decided","480","0","1","0","66","168219","81069","5","12","123","3.2","6.1","138","3.2","4.1","0"
"2","149","cost","e3","12","3600","stnk","4","3600","blue","decided","360","10","0","2516","0","67760","17222","4","2","126","5.1","7.1","103","5","7","0"
"2","150","cost-spotted","e3","12","3600","stnk","4","3600","blue","decided","330","10","0","2494","0","67795","17239","4","2","125","5","6.1","104","5","7","0"
"2","152","cost","e3","12","3600","arty","6","3600","red","decided","315","0","4","0","1817","28288","78540","2","12","152","-1","5.1","149","-1","10","0"
"2","153","cost-spotted","e3","12","3600","arty","6","3600","red","decided","345","0","6","0","3600","0","78120","0","12","-1","-1","-1","132","10","11","0"
"2","157","1v1","e3","1","300","orca","1","1200","blue","decided","260","1","0","81","0","10500","3284","1","0","150","4","4","128","4","4","0"
"2","156","cost-spotted","e3","12","3600","mlrs","6","3600","blue","decided","360","10","0","2400","0","119416","20515","6","2","122","4","6","150","-1","2.8","0"
"2","158","cost","e3","12","3600","orca","3","3600","blue","decided","235","11","0","3191","0","32375","6402","3","1","110","2","5.1","101","1","4.1","0"
"2","154","1v1","e3","1","300","mlrs","1","600","blue","decided","465","1","0","300","0","21000","0","1","0","170","2","4.1","-1","-1","-1","0"
"2","160","1v1","e3","1","300","heli","1","1200","red","decided","145","0","1","0","1200","0","5200","0","1","-1","-1","-1","121","4","4","0"
"2","159","cost-spotted","e3","12","3600","orca","3","3600","blue","decided","235","11","0","3172","0","31500","6534","3","1","110","2","5.1","101","1","4.1","0"
"2","161","cost","e3","12","3600","heli","3","3600","blue","decided","185","8","0","2318","0","42000","22024","3","4","109","1","5.1","94","3","4.1","0"
"2","162","cost-spotted","e3","12","3600","heli","3","3600","blue","decided","245","6","0","1556","0","42875","35392","3","6","109","1","5.1","96","3","5","0"
"2","166","1v1","e4","1","200","rmbo","1","1500","red","decided","155","0","1","0","1500","0","10000","0","1","-1","-1","-1","152","-1","-1","0"
"2","163","1v1","e4","1","200","e5","1","300","red","decided","345","0","1","0","7","8800","11200","0","1","212","2","2","212","2","2","0"
"2","164","cost","e4","18","3600","e5","12","3600","blue","decided","325","14","0","1941","0","118822","81676","12","4","184","2.2","4.5","155","2.2","4.1","0"
"2","165","cost-spotted","e4","18","3600","e5","12","3600","blue","decided","325","14","0","1943","0","117304","81592","12","4","184","2.2","4.5","155","2.2","4.1","0"
"2","167","cost","e4","18","3600","rmbo","2","3000","blue","decided","275","11","0","2200","0","31262","70000","2","7","173","2.2","4","107","-1","-1","0"
"2","169","1v1","e4","1","200","jeep","1","400","red","decided","170","0","1","0","300","4000","9483","0","1","122","2","2","107","2","2","0"
"2","168","cost-spotted","e4","18","3600","rmbo","2","3000","blue","decided","295","10","0","1998","0","30712","80100","2","8","206","2.2","3","107","-1","2","0"
"2","170","cost","e4","18","3600","jeep","9","3600","blue","decided","365","4","0","334","0","162888","152776","9","14","98","2.2","4.1","83","2","5.1","0"
"2","171","cost-spotted","e4","18","3600","jeep","9","3600","blue","decided","375","4","0","361","0","159992","152115","9","14","98","2.2","4.1","86","2","4.2","0"
"2","155","cost","e3","12","3600","mlrs","6","3600","none","stalemate","1475","9","2","2156","123","111621","23090","4","3","140","3","8","153","-1","3.2","0"
"2","172","1v1","e4","1","200","apc","1","600","red","decided","650","0","1","0","474","4000","9105","0","1","150","2","2","112","3","3","0"
"2","178","1v1","e4","1","200","htnk","1","1800","red","decided","355","0","1","0","1775","1200","9182","0","1","245","2","2","206","3","3","0"
"2","175","1v1","e4","1","200","mtnk","1","900","red","decided","850","0","1","0","796","5200","9070","0","1","175","3","3","169","3","3","0"
"2","173","cost","e4","18","3600","apc","6","3600","blue","decided","1100","12","0","1659","0","114934","87623","6","6","106","3","4.1","84","3","3.6","0"
"2","174","cost-spotted","e4","18","3600","apc","6","3600","blue","decided","1135","12","0","1741","0","115256","84162","6","6","106","4.1","4.2","84","3","3.6","0"
"2","181","1v1","e4","1","200","msam","1","900","blue","decided","355","1","0","183","0","12000","783","1","0","244","3","3","162","5","5","0"
"2","182","cost","e4","18","3600","msam","4","3600","blue","decided","440","16","0","2138","0","53960","66084","4","2","210","3","4.1","119","8.1","12.2","0"
"2","176","cost","e4","18","3600","mtnk","4","3600","blue","decided","1545","13","0","1933","0","180578","76155","4","5","141","3","4.5","126","3","4","0"
"2","184","1v1","e4","1","200","bggy","1","300","red","decided","180","0","1","0","200","4000","9000","0","1","127","2","2","98","2","2","0"
"2","177","cost-spotted","e4","18","3600","mtnk","4","3600","blue","decided","1555","13","0","1925","0","180875","76332","4","5","140","3","4.1","127","3","4","0"
"2","179","cost","e4","18","3600","htnk","2","3600","red","decided","920","0","2","0","2399","58072","170882","0","18","177","2.2","4.1","160","2","4.1","0"
"2","183","cost-spotted","e4","18","3600","msam","4","3600","blue","decided","460","14","0","1960","0","51030","74439","4","4","286","3","4.1","101","11","13","0"
"2","180","cost-spotted","e4","18","3600","htnk","2","3600","red","decided","965","0","2","0","2323","61708","170051","0","18","177","2.2","4.1","160","2","4.1","0"
"2","185","cost","e4","18","3600","bggy","12","3600","blue","decided","345","4","0","327","0","168632","152251","12","14","79","2.2","4.2","74","2","4.5","0"
"2","187","1v1","e4","1","200","bike","1","500","blue","decided","210","1","0","162","0","12000","1708","1","0","98","3","3","100","3","3","0"
"2","189","cost-spotted","e4","18","3600","bike","7","3500","blue","decided","275","18","0","2972","0","89900","28271","7","0","79","4.1","4.5","78","3","6","0"
"2","188","cost","e4","18","3600","bike","7","3500","blue","decided","310","18","0","3028","0","91366","25720","7","0","110","3","4.2","78","3","5.1","0"
"2","186","cost-spotted","e4","18","3600","bggy","12","3600","red","decided","405","0","2","0","189","158804","167910","10","18","79","2.2","4.2","74","2","4.5","0"
"2","193","1v1","e4","1","200","ftnk","1","600","red","decided","170","0","1","0","591","400","12300","0","1","155","2","2","160","2","2","0"
"2","194","cost","e4","18","3600","ftnk","6","3600","red","decided","325","0","6","0","3213","17430","195324","0","18","117","2","4.5","127","2","5","0"
"2","195","cost-spotted","e4","18","3600","ftnk","6","3600","red","decided","300","0","6","0","3381","9876","188231","0","18","117","3","4.1","119","3.2","5","0"
"2","196","1v1","e4","1","200","stnk","1","900","blue","decided","340","1","0","99","0","16000","4559","1","0","174","3","3","125","4","4","0"
"2","197","cost","e4","18","3600","stnk","4","3600","blue","decided","245","18","0","3256","0","67480","15461","4","0","154","3.2","4.1","95","4","5","0"
"2","198","cost-spotted","e4","18","3600","stnk","4","3600","blue","decided","250","18","0","3258","0","70600","15402","4","0","154","3.2","4.1","95","4","5","0"
"2","190","1v1","e4","1","200","ltnk","1","750","red","decided","985","0","1","0","609","6000","9000","0","1","161","2","2","143","2","2","0"
"2","199","1v1","e4","1","200","arty","1","600","blue","decided","275","1","0","188","0","8000","560","1","0","201","2","2","178","3","3","0"
"2","200","cost","e4","18","3600","arty","6","3600","blue","decided","410","10","0","855","0","56254","136895","6","8","167","3","4","134","6","10.2","0"
"2","201","cost-spotted","e4","18","3600","arty","6","3600","blue","decided","460","2","0","126","0","49782","187794","6","16","241","4.1","4.1","122","11","12","0"
"2","202","1v1","e4","1","200","mlrs","1","600","blue","decided","455","1","0","200","0","20000","0","1","0","155","2","3","-1","-1","-1","0"
"2","191","cost","e4","18","3600","ltnk","5","3750","blue","decided","1495","14","0","2193","0","160556","63489","5","4","117","2.2","4.5","104","2","4","0"
"2","192","cost-spotted","e4","18","3600","ltnk","5","3750","blue","decided","1495","14","0","2156","0","160756","65121","5","4","117","2.2","4.5","112","2","4","0"
"2","203","cost","e4","18","3600","mlrs","6","3600","blue","decided","450","10","0","1519","0","122886","106820","6","8","117","2","3.2","135","2","3.2","0"
"2","204","cost-spotted","e4","18","3600","mlrs","6","3600","blue","decided","265","13","0","1540","0","120456","95389","6","5","117","2","2.2","135","2","3","0"
"2","208","1v1","e4","1","200","heli","1","1200","red","decided","155","0","1","0","1200","0","10000","0","1","-1","-1","-1","114","3","3","0"
"2","211","1v1","e5","1","300","rmbo","1","1500","red","decided","155","0","1","0","1500","0","10000","0","1","-1","-1","-1","152","-1","-1","0"
"2","212","cost","e5","12","3600","rmbo","2","3000","blue","decided","290","6","0","1793","0","32004","60200","2","6","187","-1","4","107","-1","3","0"
"2","205","1v1","e4","1","200","orca","1","1200","red","decided","1130","0","1","0","1200","0","9204","0","1","-1","-1","-1","122","2","6","0"
"2","213","cost-spotted","e5","12","3600","rmbo","2","3000","blue","decided","335","2","0","600","0","32116","100000","2","10","226","3","3","107","-1","-1","0"
"2","214","1v1","e5","1","300","jeep","1","400","red","decided","175","0","1","0","250","6000","9483","0","1","117","2","2","114","2","2","0"
"2","215","cost","e5","12","3600","jeep","9","3600","red","decided","250","0","6","0","1281","105480","113593","3","12","104","2","4","86","2","5.1","0"
"2","216","cost-spotted","e5","12","3600","jeep","9","3600","red","decided","235","0","7","0","1677","84912","113263","2","12","104","2.2","4.1","80","2","5.1","0"
"2","218","cost","e5","12","3600","apc","6","3600","blue","decided","285","11","0","3049","0","134080","16551","6","1","105","3.2","4.1","85","3","4.1","0"
"2","217","1v1","e5","1","300","apc","1","600","blue","decided","345","1","0","167","0","24000","4005","1","0","149","2","2","112","3","3","0"
"2","210","cost-spotted","e4","18","3600","heli","3","3600","none","stalemate","1915","5","3","868","3600","0","134420","0","13","-1","-1","-1","90","3","5.1","0"
"2","209","cost","e4","18","3600","heli","3","3600","none","stalemate","2005","4","3","571","3600","0","150224","0","14","-1","-1","-1","89","3","5.4","0"
"2","219","cost-spotted","e5","12","3600","apc","6","3600","blue","decided","290","11","0","3020","0","131570","17408","6","1","106","3.2","4.1","84","3","4.1","0"
"2","221","cost","e5","12","3600","mtnk","4","3600","blue","decided","370","12","0","3146","0","197075","13612","4","0","139","3","4.1","129","3","4","0"
"2","222","cost-spotted","e5","12","3600","mtnk","4","3600","blue","decided","350","12","0","3198","0","193655","12056","4","0","137","3","4.5","131","3","4","0"
"2","220","1v1","e5","1","300","mtnk","1","900","blue","decided","630","1","0","98","0","48000","6070","1","0","175","3","3","169","3","3","0"
"2","223","1v1","e5","1","300","htnk","1","1800","red","decided","355","0","1","0","1552","12000","9281","0","1","245","2","2","206","3","3","0"
"2","224","cost","e5","12","3600","htnk","2","3600","blue","decided","405","10","0","2093","0","182330","45744","2","2","184","2","4.1","157","2","4.1","0"
"2","226","1v1","e5","1","300","msam","1","900","blue","decided","310","1","0","239","0","12000","1821","1","0","229","2.8","2.8","183","3.2","3.2","0"
"2","225","cost-spotted","e5","12","3600","htnk","2","3600","blue","decided","405","10","0","2093","0","182330","45896","2","2","184","2","4.1","157","2","4.1","0"
"2","227","cost","e5","12","3600","msam","4","3600","blue","decided","455","9","0","1883","0","52680","51642","4","3","210","3","3.6","119","8","12.2","0"
"2","229","1v1","e5","1","300","bggy","1","300","red","decided","180","0","1","0","150","6000","9000","0","1","128","2","2","98","2","2","0"
"2","230","cost","e5","12","3600","bggy","12","3600","red","decided","240","0","7","0","975","112464","112113","5","12","81","2","4.1","74","2","5","0"
"2","231","cost-spotted","e5","12","3600","bggy","12","3600","red","decided","220","0","7","0","1153","99396","110380","5","12","79","2","3.6","74","2","4.2","0"
"2","232","1v1","e5","1","300","bike","1","500","blue","decided","195","1","0","242","0","12000","1750","1","0","128","3","3","98","3","3","0"
"2","228","cost-spotted","e5","12","3600","msam","4","3600","blue","decided","470","8","0","1617","0","51751","59766","4","4","286","3","6","101","11","14","0"
"2","233","cost","e5","12","3600","bike","7","3500","blue","decided","290","12","0","3040","0","92472","16810","7","0","79","4.1","4.1","78","3","5.1","0"
"2","234","cost-spotted","e5","12","3600","bike","7","3500","blue","decided","270","12","0","3092","0","98544","15228","7","0","110","3","4.5","78","3","5.1","0"
"2","236","cost","e5","12","3600","ltnk","5","3750","blue","decided","285","12","0","3314","0","175895","8592","5","0","117","2.2","4.5","104","2","4","0"
"2","238","1v1","e5","1","300","ftnk","1","600","red","decided","170","0","1","0","467","6000","12300","0","1","155","2","2","160","2","2","0"
"2","235","1v1","e5","1","300","ltnk","1","750","blue","decided","490","1","0","170","0","36000","3900","1","0","162","2","2","142","2","2","0"
"2","237","cost-spotted","e5","12","3600","ltnk","5","3750","blue","decided","290","12","0","3296","0","176615","9123","5","0","117","2.2","4.1","104","2","4","0"
"2","239","cost","e5","12","3600","ftnk","6","3600","red","decided","290","0","3","0","658","142336","133507","3","12","117","2","4.5","127","2","5","0"
"2","240","cost-spotted","e5","12","3600","ftnk","6","3600","red","decided","270","0","6","0","2337","56820","129888","0","12","117","3","4.1","119","3","5.1","0"
"2","241","1v1","e5","1","300","stnk","1","900","blue","decided","305","1","0","140","0","18000","4814","1","0","174","3","3","125","4","4","0"
"2","242","cost","e5","12","3600","stnk","4","3600","blue","decided","305","12","0","2851","0","75960","22474","4","0","162","3","4.1","95","4","5.1","0"
"2","243","cost-spotted","e5","12","3600","stnk","4","3600","blue","decided","290","12","0","2850","0","69840","22513","4","0","161","3","4.1","96","4","6","0"
"2","206","cost","e4","18","3600","orca","3","3600","none","timeout","4500","6","3","850","3600","0","126440","0","12","-1","-1","-1","95","0","6","0"
"2","244","1v1","e5","1","300","arty","1","600","blue","decided","285","1","0","295","0","12000","140","1","0","200","2","2","179","3","3","0"
"2","207","cost-spotted","e4","18","3600","orca","3","3600","none","timeout","4500","14","3","2474","3600","0","51536","0","4","-1","-1","-1","96","0","6","0"
"2","245","cost","e5","12","3600","arty","6","3600","red","decided","390","0","4","0","1804","31456","131096","2","12","167","3","5.4","135","6","11.2","0"
"2","246","cost-spotted","e5","12","3600","arty","6","3600","red","decided","470","0","2","0","885","49416","143302","4","12","228","3","4.1","120","10","11.2","0"
"2","247","1v1","e5","1","300","mlrs","1","600","blue","decided","345","1","0","300","0","18000","0","1","0","155","2","3","-1","-1","-1","0"
"2","248","cost","e5","12","3600","mlrs","6","3600","blue","decided","430","5","0","1144","0","115464","80652","6","7","117","2","4","131","-1","2.8","0"
"2","253","1v1","e5","1","300","heli","1","1200","red","decided","155","0","1","0","1200","0","10000","0","1","-1","-1","-1","116","2","2","0"
"2","249","cost-spotted","e5","12","3600","mlrs","6","3600","blue","decided","450","5","0","1230","0","115332","76780","6","7","131","2.2","4.1","135","-1","2","0"
"2","256","1v1","rmbo","1","1500","jeep","1","400","red","decided","225","0","1","0","400","0","15517","0","1","-1","-1","-1","100","2","2","0"
"2","257","cost","rmbo","2","3000","jeep","9","3600","red","decided","145","0","9","0","3600","0","30893","0","2","-1","-1","-1","100","2","3.2","0"
"2","250","1v1","e5","1","300","orca","1","1200","red","decided","1040","0","1","0","1200","0","9016","0","1","-1","-1","-1","121","3","6","0"
"2","258","cost-spotted","rmbo","2","3000","jeep","9","3600","red","decided","145","0","9","0","3600","0","30669","0","2","-1","-1","-1","100","2","3.2","0"
"2","260","cost","rmbo","2","3000","apc","6","3600","red","decided","440","0","6","0","3582","568","30140","0","2","165","1","2.2","100","3","6.1","0"
"2","254","cost","e5","12","3600","heli","3","3600","none","stalemate","1585","1","3","269","3600","0","110012","0","11","-1","-1","-1","88","3","5.1","0"
"2","261","cost-spotted","rmbo","2","3000","apc","6","3600","red","decided","435","0","6","0","3582","573","30117","0","2","169","1.4","2.2","99","3","6.1","0"
"2","255","cost-spotted","e5","12","3600","heli","3","3600","none","stalemate","1645","2","3","546","3600","0","99612","0","10","-1","-1","-1","91","2","5","0"
"2","259","1v1","rmbo","1","1500","apc","1","600","red","decided","1030","0","1","0","600","0","15134","0","1","-1","-1","-1","104","3","5","0"
"2","265","1v1","rmbo","1","1500","htnk","1","1800","red","decided","535","0","1","0","1800","0","15322","0","1","-1","-1","-1","183","2","5","0"
"2","264","cost-spotted","rmbo","2","3000","mtnk","4","3600","red","decided","775","0","4","0","3574","1280","30070","0","2","212","1.4","2","146","3","5.1","0"
"2","263","cost","rmbo","2","3000","mtnk","4","3600","red","decided","815","0","4","0","3578","1080","30845","0","2","212","1.4","2","147","3","5.1","0"
"2","266","cost","rmbo","2","3000","htnk","2","3600","red","decided","570","0","2","0","3523","3724","31347","0","2","244","1.4","1.4","178","3","6","0"
"2","262","1v1","rmbo","1","1500","mtnk","1","900","red","decided","1355","0","1","0","900","0","15230","0","1","-1","-1","-1","154","2","5","0"
"2","267","cost-spotted","rmbo","2","3000","htnk","2","3600","red","decided","450","0","2","0","3500","4818","30358","0","2","245","1.4","1.4","176","3","6","0"
"2","271","1v1","rmbo","1","1500","bggy","1","300","red","decided","230","0","1","0","300","0","15000","0","1","-1","-1","-1","92","2","2","0"
"2","272","cost","rmbo","2","3000","bggy","12","3600","red","decided","135","0","12","0","3600","0","30475","0","2","-1","-1","-1","86","2","3.2","0"
"2","270","cost-spotted","rmbo","2","3000","msam","4","3600","red","decided","550","0","4","0","3467","1775","30243","0","2","251","2.2","9.8","127","8","9.1","0"
"2","269","cost","rmbo","2","3000","msam","4","3600","red","decided","565","0","4","0","3542","775","30240","0","2","241","1.4","10.8","144","5","8.1","0"
"2","268","1v1","rmbo","1","1500","msam","1","900","red","decided","1035","0","1","0","900","0","15114","0","1","-1","-1","-1","146","5","5","0"
"2","273","cost-spotted","rmbo","2","3000","bggy","12","3600","red","decided","135","0","12","0","3600","0","30005","0","2","-1","-1","-1","86","2","4","0"
"2","275","cost","rmbo","2","3000","bike","7","3500","red","decided","540","0","7","0","3418","1798","30206","0","2","178","4","5.1","90","4","7.3","0"
"2","251","cost","e5","12","3600","orca","3","3600","none","timeout","4500","8","3","2029","3600","0","47740","0","4","-1","-1","-1","96","0","6","0"
"2","276","cost-spotted","rmbo","2","3000","bike","7","3500","red","decided","580","0","7","0","3358","3131","30679","0","2","150","4","4","90","4.1","7.3","0"
"2","252","cost-spotted","e5","12","3600","orca","3","3600","none","timeout","4500","8","3","2042","3600","0","47480","0","4","-1","-1","-1","95","0","6","0"
"2","280","1v1","rmbo","1","1500","ftnk","1","600","red","decided","225","0","1","0","600","0","15375","0","1","-1","-1","-1","141","2","2","0"
"2","281","cost","rmbo","2","3000","ftnk","6","3600","red","decided","195","0","6","0","3560","1782","33497","0","2","151","1.4","2.2","138","2","3.2","0"
"2","282","cost-spotted","rmbo","2","3000","ftnk","6","3600","red","decided","195","0","6","0","3549","2286","33497","0","2","151","1.4","2.2","138","2","3.2","0"
"2","278","cost","rmbo","2","3000","ltnk","5","3750","red","decided","740","0","5","0","3736","616","30282","0","2","202","2","2.2","123","2","4.2","0"
"2","279","cost-spotted","rmbo","2","3000","ltnk","5","3750","red","decided","715","0","5","0","3734","704","30315","0","2","202","2","2.2","122","2","4.2","0"
"2","274","1v1","rmbo","1","1500","bike","1","500","red","decided","1590","0","1","0","500","0","15167","0","1","-1","-1","-1","93","3","6","0"
"2","277","1v1","rmbo","1","1500","ltnk","1","750","red","decided","1575","0","1","0","750","0","15000","0","1","-1","-1","-1","132","2","4","0"
"2","286","1v1","rmbo","1","1500","arty","1","600","red","decided","360","0","1","0","600","0","18200","0","1","-1","-1","-1","293","3.2","3.2","0"
"2","288","cost-spotted","rmbo","2","3000","arty","6","3600","red","decided","425","0","5","0","2958","11056","34440","1","2","256","3.2","5.1","158","8.1","8.1","0"
"2","290","cost","rmbo","2","3000","mlrs","6","3600","red","decided","200","0","6","0","3600","0","30000","0","2","-1","-1","-1","176","-1","-1","0"
"2","283","1v1","rmbo","1","1500","stnk","1","900","none","stalemate","1580","1","1","939","900","0","5609","0","0","-1","-1","-1","117","4","11","0"
"2","284","cost","rmbo","2","3000","stnk","4","3600","none","stalemate","1590","1","4","675","3434","2760","23840","0","1","203","1.4","2.2","110","4","8.1","0"
"2","285","cost-spotted","rmbo","2","3000","stnk","4","3600","none","stalemate","1590","1","4","356","3398","3360","27046","0","1","188","2.2","3.2","112","3","13","0"
"2","289","1v1","rmbo","1","1500","mlrs","1","600","none","stalemate","1125","1","1","1500","600","0","0","0","0","-1","-1","-1","-1","-1","-1","0"
"2","287","cost","rmbo","2","3000","arty","6","3600","none","stalemate","1535","1","5","341","2704","11760","29023","1","1","207","3.2","5","152","4","8.1","0"
"2","295","1v1","rmbo","1","1500","heli","1","1200","red","decided","190","0","1","0","1200","0","16292","0","1","-1","-1","-1","110","2","2","0"
"2","296","cost","rmbo","2","3000","heli","3","3600","red","decided","170","0","3","0","3600","0","32528","0","2","-1","-1","-1","101","3","3","0"
"2","297","cost-spotted","rmbo","2","3000","heli","3","3600","red","decided","175","0","3","0","3600","0","32528","0","2","-1","-1","-1","101","3","3","0"
"2","291","cost-spotted","rmbo","2","3000","mlrs","6","3600","none","stalemate","1125","2","6","3000","3600","0","0","0","0","-1","-1","-1","-1","-1","-1","0"
"2","298","1v1","jeep","1","400","apc","1","600","red","decided","275","0","1","0","509","2885","16582","0","1","85","2","2","77","3","3","0"
"2","299","cost","jeep","9","3600","apc","6","3600","red","decided","375","0","5","0","2933","21245","148257","1","9","63","2","4.1","58","4","5","0"
"2","301","1v1","jeep","1","400","mtnk","1","900","red","decided","260","0","1","0","854","2310","19840","0","1","107","2","2","101","2","2","0"
"2","300","cost-spotted","jeep","9","3600","apc","6","3600","red","decided","385","0","5","0","2911","21935","147217","1","9","65","2","4.1","58","4","5","0"
"2","304","1v1","jeep","1","400","htnk","1","1800","red","decided","160","0","1","0","1783","805","18320","0","1","114","3","3","112","3","3","0"
"2","302","cost","jeep","9","3600","mtnk","4","3600","red","decided","445","0","4","0","3133","23365","155888","0","9","79","2","4.1","76","2","4.1","0"
"2","303","cost-spotted","jeep","9","3600","mtnk","4","3600","red","decided","445","0","4","0","3133","23361","156048","0","9","79","2","4.1","76","2","4.1","0"
"2","305","cost","jeep","9","3600","htnk","2","3600","red","decided","300","0","2","0","3351","12040","160724","0","9","86","2","4.1","91","2","4.1","0"
"2","306","cost-spotted","jeep","9","3600","htnk","2","3600","red","decided","325","0","2","0","3327","13174","163904","0","9","86","2","4.1","85","2","4.1","0"
"2","307","1v1","jeep","1","400","msam","1","900","blue","decided","205","1","0","366","0","12075","1375","1","0","105","3","3.2","102","3","3","0"
"2","292","1v1","rmbo","1","1500","orca","1","1200","red","decided","2120","0","1","0","1200","0","15192","0","1","-1","-1","-1","115","3","6","0"
"2","308","cost","jeep","9","3600","msam","4","3600","blue","decided","295","2","0","334","0","49063","133641","4","7","79","3","4.1","83","3","12","0"
"2","310","1v1","jeep","1","400","bggy","1","300","blue","decided","175","1","0","154","0","12075","9824","1","0","72","2","2","74","2","2","0"
"2","309","cost-spotted","jeep","9","3600","msam","4","3600","blue","decided","240","6","0","1348","0","49507","93293","4","3","93","3","4","71","10","13","0"
"2","311","cost","jeep","9","3600","bggy","12","3600","red","decided","285","0","6","0","952","108340","146513","6","9","52","2","4","54","2","4.1","0"
"2","313","1v1","jeep","1","400","bike","1","500","blue","decided","170","1","0","90","0","11270","12400","1","0","72","3","3","74","3","3","0"
"2","312","cost-spotted","jeep","9","3600","bggy","12","3600","red","decided","310","0","4","0","1051","104241","146252","8","9","58","2","4","56","2","4.5","0"
"2","314","cost","jeep","9","3600","bike","7","3500","blue","decided","245","6","0","1688","0","79421","81435","7","3","51","3","4.1","62","3","6","0"
"2","315","cost-spotted","jeep","9","3600","bike","7","3500","blue","decided","285","6","0","1986","0","78802","69189","7","3","58","3","4.1","58","3","6.1","0"
"2","316","1v1","jeep","1","400","ltnk","1","750","red","decided","275","0","1","0","682","2885","17500","0","1","93","2","2","92","2","2","0"
"2","319","1v1","jeep","1","400","ftnk","1","600","red","decided","170","0","1","0","574","1160","16350","0","1","99","2","2","98","2","2","0"
"2","317","cost","jeep","9","3600","ltnk","5","3750","red","decided","440","0","5","0","3160","25174","155627","0","9","66","2","4.1","72","2","4","0"
"2","293","cost","rmbo","2","3000","orca","3","3600","red","decided","2935","0","3","0","3600","0","30128","0","2","-1","-1","-1","106","0","5","0"
"2","320","cost","jeep","9","3600","ftnk","6","3600","red","decided","240","0","6","0","3333","12001","182589","0","9","72","2","4","82","2","4.1","0"
"2","318","cost-spotted","jeep","9","3600","ltnk","5","3750","red","decided","450","0","5","0","3152","25536","157280","0","9","66","2","4.5","71","2","4","0"
"2","321","cost-spotted","jeep","9","3600","ftnk","6","3600","red","decided","290","0","6","0","3233","16531","180849","0","9","72","2","4.1","82","2","4.5","0"
"2","322","1v1","jeep","1","400","stnk","1","900","red","decided","170","0","1","0","369","8855","18000","0","1","83","3","3","85","3","3","0"
"2","325","1v1","jeep","1","400","arty","1","600","blue","decided","160","1","0","394","0","8050","224","1","0","100","2","2","160","-1","-1","0"
"2","323","cost","jeep","9","3600","stnk","4","3600","blue","decided","255","5","0","1594","0","61444","87732","4","4","71","3","4","66","3","6.3","0"
"2","324","cost-spotted","jeep","9","3600","stnk","4","3600","blue","decided","245","6","0","2127","0","61180","66756","4","3","71","3","4","65","3","6","0"
"2","294","cost-spotted","rmbo","2","3000","orca","3","3600","red","decided","3140","0","3","0","3600","0","30488","0","2","-1","-1","-1","106","0","6","0"
"2","329","cost","jeep","9","3600","mlrs","6","3600","blue","decided","230","9","0","3320","0","111755","11200","6","0","72","2","4.2","97","2","3.2","0"
"2","330","cost-spotted","jeep","9","3600","mlrs","6","3600","blue","decided","225","9","0","3354","0","110702","9838","6","0","72","2","4.1","96","1","3","0"
"2","328","1v1","jeep","1","400","mlrs","1","600","blue","decided","295","1","0","400","0","18515","0","1","0","93","2","4","-1","-1","-1","0"
"2","326","cost","jeep","9","3600","arty","6","3600","blue","decided","365","4","0","1412","0","47541","106016","6","5","77","3","4","87","3","11","0"
"2","331","1v1","jeep","1","400","orca","1","1200","red","decided","300","0","1","0","1200","0","16576","0","1","-1","-1","-1","89","2","5","0"
"2","327","cost-spotted","jeep","9","3600","arty","6","3600","blue","decided","470","3","0","704","0","47605","137032","6","6","93","3","4","90","11","12","0"
"2","334","1v1","jeep","1","400","heli","1","1200","red","decided","185","0","1","0","1200","0","16500","0","1","-1","-1","-1","83","3","3","0"
"2","337","1v1","apc","1","600","mtnk","1","900","red","decided","275","0","1","0","800","5000","20000","0","1","102","3","3","112","3","3","0"
"2","338","cost","apc","6","3600","mtnk","4","3600","red","decided","405","0","4","0","3016","29206","121630","0","6","77","3","5","83","3","4.1","0"
"2","340","1v1","apc","1","600","htnk","1","1800","red","decided","180","0","1","0","1759","2000","20400","0","1","117","3","3","124","3","3","0"
"2","339","cost-spotted","apc","6","3600","mtnk","4","3600","red","decided","405","0","4","0","2985","30741","121640","0","6","77","3","5.1","83","3","4.1","0"
"2","333","cost-spotted","jeep","9","3600","orca","3","3600","red","decided","1200","0","3","0","3600","0","158140","0","9","-1","-1","-1","70","1","7","0"
"2","341","cost","apc","6","3600","htnk","2","3600","red","decided","345","0","2","0","3241","17346","123118","0","6","87","3","4.1","94","3","4.1","0"
"2","342","cost-spotted","apc","6","3600","htnk","2","3600","red","decided","345","0","2","0","3241","17346","123354","0","6","87","3","4.1","94","3","4.1","0"
"2","332","cost","jeep","9","3600","orca","3","3600","red","decided","1290","0","3","0","3600","0","155564","0","9","-1","-1","-1","70","1","8","0"
"2","335","cost","jeep","9","3600","heli","3","3600","red","decided","1340","0","3","0","3600","0","150816","0","9","-1","-1","-1","65","2","5","0"
"2","336","cost-spotted","jeep","9","3600","heli","3","3600","red","decided","1270","0","3","0","3600","0","150228","0","9","-1","-1","-1","65","2","5","0"
"2","343","1v1","apc","1","600","msam","1","900","blue","decided","235","1","0","176","0","12000","13428","1","0","102","4","4","112","3","3.2","0"
"2","346","1v1","apc","1","600","bggy","1","300","blue","decided","215","1","0","540","0","12030","1900","1","0","70","3","3","74","3","3","0"
"2","344","cost","apc","6","3600","msam","4","3600","blue","decided","290","3","0","1247","0","49417","75102","4","3","76","4","4.1","85","6","11","0"
"2","345","cost-spotted","apc","6","3600","msam","4","3600","blue","decided","305","3","0","1159","0","49414","78262","4","3","84","4","4.1","80","9","14","0"
"2","349","1v1","apc","1","600","bike","1","500","blue","decided","195","1","0","208","0","11250","12400","1","0","67","3","3","79","3","3","0"
"2","347","cost","apc","6","3600","bggy","12","3600","blue","decided","355","6","0","2812","0","148417","24960","12","0","53","3","5","56","3","4.1","0"
"2","348","cost-spotted","apc","6","3600","bggy","12","3600","blue","decided","355","6","0","2824","0","147355","24570","12","0","53","3","5","56","3","4.5","0"
"2","350","cost","apc","6","3600","bike","7","3500","blue","decided","305","3","0","1356","0","79377","79416","7","3","52","3","5.1","63","3","6.1","0"
"2","351","cost-spotted","apc","6","3600","bike","7","3500","blue","decided","325","3","0","974","0","79621","91597","7","3","52","3","5","62","3","5.4","0"
"2","352","1v1","apc","1","600","ltnk","1","750","red","decided","345","0","1","0","582","7157","19800","0","1","90","3","3","102","2","2","0"
"2","353","cost","apc","6","3600","ltnk","5","3750","red","decided","430","0","5","0","2960","33717","120264","0","6","67","3","5","73","3","4.1","0"
"2","358","1v1","apc","1","600","stnk","1","900","red","decided","180","0","1","0","405","8250","21600","0","1","84","4","4","90","3","3","0"
"2","354","cost-spotted","apc","6","3600","ltnk","5","3750","red","decided","435","0","5","0","2922","35346","120824","0","6","67","3","5.1","73","3","4.1","0"
"2","355","1v1","apc","1","600","ftnk","1","600","red","decided","485","0","1","0","356","10960","19800","0","1","93","3","3","108","3","3","0"
"2","356","cost","apc","6","3600","ftnk","6","3600","red","decided","495","0","5","0","1943","74705","117954","1","6","70","3","4.1","94","2.2","4.1","0"
"2","361","1v1","apc","1","600","arty","1","600","blue","decided","180","1","0","569","0","7500","975","1","0","102","4","4","119","3","3","0"
"2","357","cost-spotted","apc","6","3600","ftnk","6","3600","red","decided","475","0","5","0","2166","64684","117116","1","6","70","3","5","85","3","4","0"
"2","359","cost","apc","6","3600","stnk","4","3600","blue","decided","315","3","0","1779","0","60000","66378","4","3","68","4","5","68","4","6.1","0"
"2","360","cost-spotted","apc","6","3600","stnk","4","3600","blue","decided","300","3","0","1765","0","60000","66362","4","3","61","4","5","70","3","7","0"
"2","362","cost","apc","6","3600","arty","6","3600","blue","decided","250","5","0","1046","0","47960","85095","6","1","77","4","5","93","6","10","0"
"2","363","cost-spotted","apc","6","3600","arty","6","3600","blue","decided","270","4","0","994","0","47248","84815","6","2","92","4","4.1","91","10","12","0"
"2","367","1v1","apc","1","600","orca","1","1200","blue","decided","145","1","0","335","0","10000","8400","1","0","82","5","5","101","4","4","0"
"2","368","cost","apc","6","3600","orca","3","3600","blue","decided","140","5","0","2988","0","31236","21083","3","1","65","4","7","79","1","5","0"
"2","365","cost","apc","6","3600","mlrs","6","3600","blue","decided","315","6","0","3523","0","109969","2452","6","0","70","3","6","108","1","3.2","0"
"2","364","1v1","apc","1","600","mlrs","1","600","blue","decided","350","1","0","600","0","18435","0","1","0","93","3","5.1","-1","-1","-1","0"
"2","366","cost-spotted","apc","6","3600","mlrs","6","3600","blue","decided","315","6","0","3535","0","108332","2054","6","0","70","3","5.4","109","2","4","0"
"2","369","cost-spotted","apc","6","3600","orca","3","3600","blue","decided","125","6","0","3005","0","30598","18831","3","0","63","6","7.1","78","2","5","0"
"2","371","cost","apc","6","3600","heli","3","3600","blue","decided","150","6","0","3164","0","37900","13800","3","0","59","5","7","69","3","4","0"
"2","370","1v1","apc","1","600","heli","1","1200","blue","decided","165","1","0","474","0","12500","4000","1","0","81","5","5","90","4","4","0"
"2","372","cost-spotted","apc","6","3600","heli","3","3600","blue","decided","150","6","0","3164","0","38200","13800","3","0","66","4","7.1","68","3","4","0"
"2","373","1v1","mtnk","1","900","htnk","1","1800","red","decided","330","0","1","0","1469","16000","45200","0","1","176","3","3","179","3","3","0"
"2","376","1v1","mtnk","1","900","msam","1","900","blue","decided","240","1","0","822","0","12000","3900","1","0","161","3","3.2","145","4","4","0"
"2","377","cost","mtnk","4","3600","msam","4","3600","blue","decided","295","4","0","1903","0","48696","84834","4","0","132","3","4","129","10","13","0"
"2","378","cost-spotted","mtnk","4","3600","msam","4","3600","blue","decided","310","4","0","1385","0","49443","110732","4","0","161","3","4","112","10","12","0"
"2","379","1v1","mtnk","1","900","bggy","1","300","blue","decided","185","1","0","874","0","12000","1300","1","0","103","2.2","2.2","93","3.2","3.2","0"
"2","374","cost","mtnk","4","3600","htnk","2","3600","red","decided","510","0","2","0","2095","72720","185402","0","4","156","3","4.1","154","3","5","0"
"2","375","cost-spotted","mtnk","4","3600","htnk","2","3600","red","decided","515","0","1","0","1780","88950","185348","1","4","156","3.2","4","154","3.2","4.2","0"
"2","382","1v1","mtnk","1","900","bike","1","500","blue","decided","170","1","0","652","0","12000","12400","1","0","90","3","3","92","3","3","0"
"2","380","cost","mtnk","4","3600","bggy","12","3600","blue","decided","485","4","0","2982","0","160008","30910","12","0","84","3","3.6","80","2","4.5","0"
"2","381","cost-spotted","mtnk","4","3600","bggy","12","3600","blue","decided","460","4","0","3015","0","159288","29230","12","0","79","2","3.6","80","2","4.5","0"
"2","384","cost-spotted","mtnk","4","3600","bike","7","3500","blue","decided","370","3","0","1553","0","90792","103840","7","1","73","3","4.1","80","3","6.1","0"
"2","383","cost","mtnk","4","3600","bike","7","3500","blue","decided","380","3","0","1720","0","91272","95509","7","1","78","3.2","4.1","80","4","6.1","0"
"2","385","1v1","mtnk","1","900","ltnk","1","750","blue","decided","445","1","0","416","0","35440","24210","1","0","124","2","2","124","2","2","0"
"2","391","1v1","mtnk","1","900","stnk","1","900","blue","decided","235","1","0","468","0","16000","21600","1","0","116","3","3","114","3","3","0"
"2","388","1v1","mtnk","1","900","ftnk","1","600","blue","decided","375","1","0","627","0","28000","13635","1","0","132","3","3","141","3","3","0"
"2","386","cost","mtnk","4","3600","ltnk","5","3750","blue","decided","595","3","0","1326","0","161170","114910","5","1","109","2","4","104","2","4","0"
"2","389","cost","mtnk","4","3600","ftnk","6","3600","blue","decided","435","4","0","1794","0","172915","90291","6","0","112","3","4","119","3","5","0"
"2","390","cost-spotted","mtnk","4","3600","ftnk","6","3600","blue","decided","470","4","0","1682","0","172860","95925","6","0","115","3","4","119","3","5","0"
"2","387","cost-spotted","mtnk","4","3600","ltnk","5","3750","blue","decided","575","3","0","1678","0","161200","97310","5","1","108","2","4","111","2","4","0"
"2","394","1v1","mtnk","1","900","arty","1","600","blue","decided","200","1","0","900","0","8000","0","1","0","159","3","3","-1","-1","-1","0"
"2","393","cost-spotted","mtnk","4","3600","stnk","4","3600","blue","decided","325","3","0","1912","0","64000","87978","4","1","103","3","4.1","99","4","6.1","0"
"2","392","cost","mtnk","4","3600","stnk","4","3600","blue","decided","370","2","0","1681","0","64000","100184","4","2","118","3","4","97","5","6.1","0"
"2","395","cost","mtnk","4","3600","arty","6","3600","blue","decided","320","4","0","2058","0","55440","77110","6","0","130","3","3.6","135","5","12","0"
"2","396","cost-spotted","mtnk","4","3600","arty","6","3600","blue","decided","325","4","0","1272","0","59224","116420","6","0","158","3","3.2","125","9","12","0"
"2","398","cost","mtnk","4","3600","mlrs","6","3600","blue","decided","485","4","0","3560","0","115360","1980","6","0","110","3","6","147","-1","2","0"
"2","399","cost-spotted","mtnk","4","3600","mlrs","6","3600","blue","decided","670","4","0","3558","0","118864","2110","6","0","117","2","6","155","-1","2","0"
"2","400","1v1","mtnk","1","900","orca","1","1200","red","decided","930","0","1","0","1200","0","46200","0","1","-1","-1","-1","113","4","5","0"
"2","397","1v1","mtnk","1","900","mlrs","1","600","none","stalemate","1340","1","1","900","200","12000","0","0","0","132","3","4.1","-1","-1","-1","0"
"2","406","1v1","htnk","1","1800","msam","1","900","blue","decided","205","1","0","1666","0","12500","6456","1","0","197","4","4","173","5","5","0"
"2","402","cost-spotted","mtnk","4","3600","orca","3","3600","red","decided","1310","0","3","0","3600","0","183760","0","4","-1","-1","-1","97","1","7","0"
"2","407","cost","htnk","2","3600","msam","4","3600","blue","decided","345","2","0","1838","0","54132","85162","4","0","200","4","5","161","9","10","0"
"2","408","cost-spotted","htnk","2","3600","msam","4","3600","blue","decided","370","2","0","1632","0","56010","95108","4","0","243","4","5","142","10","11","0"
"2","409","1v1","htnk","1","1800","bggy","1","300","blue","decided","110","1","0","1796","0","12500","200","1","0","103","2","2","103","2","2","0"
"2","410","cost","htnk","2","3600","bggy","12","3600","blue","decided","335","2","0","3272","0","164145","15843","12","0","102","2","4","98","2","4.5","0"
"2","411","cost-spotted","htnk","2","3600","bggy","12","3600","blue","decided","365","2","0","3241","0","164766","17350","12","0","94","2","4.2","98","2","4.5","0"
"2","412","1v1","htnk","1","1800","bike","1","500","blue","decided","120","1","0","1672","0","12500","6200","1","0","111","4","4","102","4","4","0"
"2","413","cost","htnk","2","3600","bike","7","3500","blue","decided","280","2","0","2176","0","94564","68810","7","0","94","3","5.4","98","3","5","0"
"2","414","cost-spotted","htnk","2","3600","bike","7","3500","blue","decided","245","2","0","2368","0","92250","59540","7","0","93","3","5","97","3","5","0"
"2","415","1v1","htnk","1","1800","ltnk","1","750","blue","decided","255","1","0","1618","0","32800","8810","1","0","150","2","2","144","2","2","0"
"2","416","cost","htnk","2","3600","ltnk","5","3750","blue","decided","475","2","0","2234","0","165596","66010","5","0","137","2","4.1","140","2","4","0"
"2","403","1v1","mtnk","1","900","heli","1","1200","red","decided","2910","0","1","0","1200","0","45000","0","1","-1","-1","-1","106","3","5","0"
"2","401","cost","mtnk","4","3600","orca","3","3600","red","decided","3225","0","3","0","3600","0","185493","0","4","-1","-1","-1","98","1","7","0"
"2","417","cost-spotted","htnk","2","3600","ltnk","5","3750","blue","decided","470","2","0","2276","0","166816","63986","5","0","137","2","4","140","2","4","0"
"2","418","1v1","htnk","1","1800","ftnk","1","600","blue","decided","250","1","0","1630","0","28800","8235","1","0","153","3","3","163","3","3","0"
"2","421","1v1","htnk","1","1800","stnk","1","900","blue","decided","180","1","0","1577","0","17000","10800","1","0","155","4.1","4.1","135","4.1","4.1","0"
"2","419","cost","htnk","2","3600","ftnk","6","3600","blue","decided","405","2","0","2592","0","172715","48742","6","0","148","2","4","160","2","4","0"
"2","420","cost-spotted","htnk","2","3600","ftnk","6","3600","blue","decided","405","2","0","2557","0","173455","50403","6","0","146","2","4","160","2","4","0"
"2","422","cost","htnk","2","3600","stnk","4","3600","blue","decided","290","2","0","2036","0","73215","75600","4","0","150","4","5.1","123","5","5","0"
"2","424","1v1","htnk","1","1800","arty","1","600","blue","decided","205","1","0","1784","0","8000","750","1","0","195","4","4","183","4","4","0"
"2","423","cost-spotted","htnk","2","3600","stnk","4","3600","blue","decided","280","2","0","2036","0","66155","75600","4","0","150","4","5.1","122","5","5","0"
"2","425","cost","htnk","2","3600","arty","6","3600","blue","decided","330","2","0","2235","0","51050","65960","6","0","176","4","5","177","5","9","0"
"2","427","1v1","htnk","1","1800","mlrs","1","600","blue","decided","215","1","0","1799","0","21000","30","1","0","155","3","3","214","-1","-1","0"
"2","426","cost-spotted","htnk","2","3600","arty","6","3600","blue","decided","350","1","0","1529","0","51378","106495","6","1","243","4","5.1","157","9","10","0"
"2","428","cost","htnk","2","3600","mlrs","6","3600","blue","decided","420","2","0","3568","0","120423","1566","6","0","148","2","5","164","-1","1","0"
"2","430","1v1","htnk","1","1800","orca","1","1200","blue","decided","195","1","0","1539","0","13500","12600","1","0","132","3","3","125","3","3","0"
"2","429","cost-spotted","htnk","2","3600","mlrs","6","3600","blue","decided","375","2","0","3568","0","118089","1540","6","0","148","2","5","164","1","1","0"
"2","431","cost","htnk","2","3600","orca","3","3600","blue","decided","260","2","0","2752","0","41130","40980","3","0","117","1","5","117","1","5.1","0"
"2","433","1v1","htnk","1","1800","heli","1","1200","blue","decided","190","1","0","1717","0","13500","4000","1","0","129","3","3","118","3","3","0"
"2","432","cost-spotted","htnk","2","3600","orca","3","3600","blue","decided","265","2","0","2771","0","40950","40085","3","0","121","1","5","119","1","4","0"
"2","434","cost","htnk","2","3600","heli","3","3600","blue","decided","260","2","0","3163","0","41085","21144","3","0","118","2","5","111","3","4","0"
"2","435","cost-spotted","htnk","2","3600","heli","3","3600","blue","decided","255","2","0","3163","0","40725","21144","3","0","118","2","5","112","3","4","0"
"2","436","1v1","msam","1","900","bggy","1","300","blue","decided","100","1","0","795","0","12600","1400","1","0","97","3","3","92","3","3","0"
"2","439","1v1","msam","1","900","bike","1","500","blue","decided","95","1","0","900","0","13150","0","1","0","88","5","5","-1","-1","-1","0"
"2","438","cost-spotted","msam","4","3600","bggy","12","3600","red","decided","225","0","3","0","572","129209","49418","9","4","79","5","13","86","3","4","0"
"2","441","cost-spotted","msam","4","3600","bike","7","3500","blue","decided","95","4","0","3135","0","80492","6200","7","0","72","7","11","94","-1","5.1","0"
"2","404","cost","mtnk","4","3600","heli","3","3600","none","timeout","4500","2","3","1291","3600","0","115640","0","2","-1","-1","-1","90","3","5.1","0"
"2","440","cost","msam","4","3600","bike","7","3500","blue","decided","285","2","0","1333","0","85790","31875","7","2","82","6","12","83","4","5.4","0"
"2","437","cost","msam","4","3600","bggy","12","3600","red","decided","550","0","1","0","45","150147","49532","11","4","84","3","13","80","3","3.6","0"
"2","442","1v1","msam","1","900","ltnk","1","750","red","decided","255","0","1","0","689","2592","12500","0","1","128","3","3","131","3","3","0"
"2","445","1v1","msam","1","900","ftnk","1","600","red","decided","165","0","1","0","560","1800","15000","0","1","131","4","4","152","3","3","0"
"2","405","cost-spotted","mtnk","4","3600","heli","3","3600","none","timeout","4500","2","3","1672","3600","0","96610","0","2","-1","-1","-1","92","2","5","0"
"2","444","cost-spotted","msam","4","3600","ltnk","5","3750","red","decided","300","0","4","0","1916","79184","51675","1","4","97","6","12","131","3","4.1","0"
"2","443","cost","msam","4","3600","ltnk","5","3750","red","decided","320","0","4","0","1412","99764","50384","1","4","112","3","12","112","3","4","0"
"2","448","1v1","msam","1","900","stnk","1","900","red","decided","125","0","1","0","750","2500","12000","0","1","125","-1","-1","115","4","4","0"
"2","451","1v1","msam","1","900","arty","1","600","blue","decided","150","1","0","900","0","8850","0","1","0","145","5","5","-1","-1","-1","0"
"2","447","cost-spotted","msam","4","3600","ftnk","6","3600","red","decided","255","0","5","0","1466","96893","60514","1","4","99","7","13","152","3","4.1","0"
"2","450","cost-spotted","msam","4","3600","stnk","4","3600","blue","decided","190","3","0","2696","0","64900","12048","4","1","87","6","9","112","5","5","0"
"2","446","cost","msam","4","3600","ftnk","6","3600","red","decided","315","0","3","0","1217","108665","58991","3","4","114","3","13","130","3","4.1","0"
"2","449","cost","msam","4","3600","stnk","4","3600","blue","decided","250","2","0","1345","0","63025","30144","4","2","100","5","11","103","-1","5.4","0"
"2","452","cost","msam","4","3600","arty","6","3600","red","decided","305","0","3","0","875","37878","64768","3","4","128","7","10.2","136","-1","8","0"
"2","457","1v1","msam","1","900","orca","1","1200","red","decided","155","0","1","0","1200","0","14000","0","1","-1","-1","-1","113","4","4","0"
"2","453","cost-spotted","msam","4","3600","arty","6","3600","blue","decided","220","3","0","1480","0","51464","30824","6","1","115","10","13","121","-1","12","0"
"2","454","1v1","msam","1","900","mlrs","1","600","blue","decided","365","1","0","900","0","19150","0","1","0","131","4","5.1","-1","-1","-1","0"
"2","455","cost","msam","4","3600","mlrs","6","3600","blue","decided","350","4","0","2880","0","111998","9603","6","0","115","3","13","212","2.2","7.3","0"
"2","460","1v1","msam","1","900","heli","1","1200","red","decided","175","0","1","0","1200","0","12000","0","1","-1","-1","-1","111","2","2","0"
"2","456","cost-spotted","msam","4","3600","mlrs","6","3600","blue","decided","410","4","0","3066","0","113282","7116","6","0","100","7","13","209","1.4","8.1","0"
"2","459","cost-spotted","msam","4","3600","orca","3","3600","red","decided","210","0","3","0","3600","0","54472","0","4","-1","-1","-1","96","1","4","0"
"2","458","cost","msam","4","3600","orca","3","3600","red","decided","235","0","3","0","3600","0","54976","0","4","-1","-1","-1","97","1","4","0"
"2","461","cost","msam","4","3600","heli","3","3600","red","decided","215","0","3","0","3600","0","48000","0","4","-1","-1","-1","91","2","3","0"
"2","463","1v1","bggy","1","300","bike","1","500","red","decided","150","0","1","0","150","7700","12400","0","1","68","3","3","69","3","3","0"
"2","462","cost-spotted","msam","4","3600","heli","3","3600","red","decided","215","0","3","0","3600","0","48048","0","4","-1","-1","-1","90","3","3","0"
"2","466","1v1","bggy","1","300","ltnk","1","750","red","decided","215","0","1","0","710","1700","12500","0","1","88","2.2","2.2","92","2.2","2.2","0"
"2","464","cost","bggy","12","3600","bike","7","3500","blue","decided","245","8","0","1891","0","79250","74044","7","4","51","2.2","4.1","54","3","6.1","0"
"2","465","cost-spotted","bggy","12","3600","bike","7","3500","blue","decided","250","8","0","1869","0","79360","73237","7","4","48","3","4.1","57","3","6","0"
"2","469","1v1","bggy","1","300","ftnk","1","600","red","decided","105","0","1","0","591","410","15000","0","1","86","2","2","94","2","2","0"
"2","472","1v1","bggy","1","300","stnk","1","900","red","decided","90","0","1","0","774","2100","12000","0","1","79","3","3","78","3","3","0"
"2","473","cost","bggy","12","3600","stnk","4","3600","blue","decided","240","8","0","1831","0","61600","73620","4","4","62","3","5.1","61","3","6","0"
"2","467","cost","bggy","12","3600","ltnk","5","3750","red","decided","445","0","5","0","3169","24795","157911","0","12","68","2","4.2","63","2","4","0"
"2","468","cost-spotted","bggy","12","3600","ltnk","5","3750","red","decided","445","0","5","0","3080","28595","154524","0","12","62","1","4.5","68","2","4","0"
"2","474","cost-spotted","bggy","12","3600","stnk","4","3600","blue","decided","240","8","0","2141","0","61648","61728","4","4","66","-1","4.1","61","2","6","0"
"2","471","cost-spotted","bggy","12","3600","ftnk","6","3600","red","decided","400","0","6","0","3308","13157","189144","0","12","62","2","4","71","2","4.2","0"
"2","470","cost","bggy","12","3600","ftnk","6","3600","red","decided","415","0","6","0","3173","19223","189192","0","12","62","2","4","71","2","4.5","0"
"2","475","1v1","bggy","1","300","arty","1","600","blue","decided","175","1","0","205","0","7700","3808","1","0","92","3","3","101","2.2","2.2","0"
"2","479","cost","bggy","12","3600","mlrs","6","3600","blue","decided","245","12","0","3284","0","109958","12639","6","0","62","2","5","85","2","3.2","0"
"2","480","cost-spotted","bggy","12","3600","mlrs","6","3600","blue","decided","240","12","0","3248","0","109601","14090","6","0","62","2","4.1","85","2","3","0"
"2","478","1v1","bggy","1","300","mlrs","1","600","blue","decided","290","1","0","300","0","18200","0","1","0","86","2","4","-1","-1","-1","0"
"2","481","1v1","bggy","1","300","orca","1","1200","red","decided","195","0","1","0","1200","0","12180","0","1","-1","-1","-1","83","2","2","0"
"2","484","1v1","bggy","1","300","heli","1","1200","red","decided","145","0","1","0","1200","0","12000","0","1","-1","-1","-1","82","1","1","0"
"2","476","cost","bggy","12","3600","arty","6","3600","red","decided","675","0","2","0","1132","32384","174616","4","12","68","2","5.1","85","4","10","0"
"2","477","cost-spotted","bggy","12","3600","arty","6","3600","red","decided","835","0","1","0","573","41274","182896","5","12","79","3","4","85","9","12","0"
"2","487","1v1","bike","1","500","ltnk","1","750","red","decided","200","0","1","0","459","12400","12500","0","1","84","3","3","80","3","3","0"
"2","488","cost","bike","7","3500","ltnk","5","3750","red","decided","380","0","3","0","1286","109912","91288","2","7","65","3","6","71","3","4","0"
"2","489","cost-spotted","bike","7","3500","ltnk","5","3750","red","decided","370","0","3","0","1535","96778","89728","2","7","69","3","6","63","3","4","0"
"2","490","1v1","bike","1","500","ftnk","1","600","red","decided","110","0","1","0","462","6200","15000","0","1","86","3","3","97","3","3","0"
"2","486","cost-spotted","bggy","12","3600","heli","3","3600","red","decided","845","0","3","0","3600","0","149232","0","12","-1","-1","-1","61","3","5","0"
"2","483","cost-spotted","bggy","12","3600","orca","3","3600","red","decided","1090","0","3","0","3600","0","161880","0","12","-1","-1","-1","66","1","7","0"
"2","493","1v1","bike","1","500","stnk","1","900","red","decided","90","0","1","0","714","3100","12000","0","1","88","5","5","79","5","5","0"
"2","491","cost","bike","7","3500","ftnk","6","3600","red","decided","250","0","4","0","1775","85596","84991","2","7","68","3","5.1","74","3","4.1","0"
"2","492","cost-spotted","bike","7","3500","ftnk","6","3600","red","decided","305","0","3","0","1217","110947","100767","3","7","68","3","5.1","74","3","4.1","0"
"2","496","1v1","bike","1","500","arty","1","600","red","decided","95","0","1","0","600","0","11200","0","1","-1","-1","-1","95","-1","-1","0"
"2","494","cost","bike","7","3500","stnk","4","3600","red","decided","355","0","1","0","338","55862","89964","3","7","67","4","6","66","4","7","0"
"2","495","cost-spotted","bike","7","3500","stnk","4","3600","blue","decided","390","2","0","855","0","62031","67008","4","5","67","4","6","67","5","7.1","0"
"2","498","cost-spotted","bike","7","3500","arty","6","3600","red","decided","255","0","5","0","2269","18436","88120","1","7","83","5","6","78","-1","11","0"
"2","497","cost","bike","7","3500","arty","6","3600","red","decided","350","0","2","0","1050","37580","91336","4","7","79","-1","5","78","-1","9.2","0"
"2","499","1v1","bike","1","500","mlrs","1","600","blue","decided","325","1","0","500","0","18600","0","1","0","86","3","6","-1","-1","-1","0"
"2","502","1v1","bike","1","500","orca","1","1200","red","decided","120","0","1","0","456","6200","11200","0","1","90","4","4","84","4","4","0"
"2","500","cost","bike","7","3500","mlrs","6","3600","blue","decided","320","7","0","2917","0","111510","12827","6","0","68","2","7.1","88","-1","2","0"
"2","503","cost","bike","7","3500","orca","3","3600","blue","decided","180","5","0","2010","0","37107","33196","3","2","65","2","5","67","2","5","0"
"2","501","cost-spotted","bike","7","3500","mlrs","6","3600","blue","decided","315","7","0","3166","0","116705","7345","6","0","68","2","7","87","-1","2","0"
"2","505","1v1","bike","1","500","heli","1","1200","red","decided","135","0","1","0","605","6200","12000","0","1","90","4","4","73","4","4","0"
"2","482","cost","bggy","12","3600","orca","3","3600","none","stalemate","2235","2","3","535","3600","0","137056","0","10","-1","-1","-1","67","1","6","0"
"2","504","cost-spotted","bike","7","3500","orca","3","3600","blue","decided","195","4","0","1847","0","37200","38344","3","3","66","2","5.1","67","2","5.1","0"
"2","506","cost","bike","7","3500","heli","3","3600","blue","decided","175","5","0","2193","0","43741","29888","3","2","66","2","6","61","3","4","0"
"2","507","cost-spotted","bike","7","3500","heli","3","3600","blue","decided","175","5","0","2139","0","46500","31980","3","2","65","2","4.1","57","3","4","0"
"2","485","cost","bggy","12","3600","heli","3","3600","none","stalemate","2435","1","3","236","3600","0","139476","0","11","-1","-1","-1","61","3","5","0"
"2","511","1v1","ltnk","1","750","stnk","1","900","draw","decided","265","0","0","0","0","15000","32400","1","1","112","3","3","100","4","4","0"
"2","510","cost-spotted","ltnk","5","3750","ftnk","6","3600","blue","decided","430","3","0","1048","0","167630","115993","6","2","93","2","4","105","2","4.5","0"
"2","512","cost","ltnk","5","3750","stnk","4","3600","blue","decided","345","2","0","1497","0","60000","100384","4","3","91","3","4","82","3","7","0"
"2","508","1v1","ltnk","1","750","ftnk","1","600","blue","decided","475","1","0","276","0","28600","20238","1","0","113","2","2","118","2","2","0"
"2","509","cost","ltnk","5","3750","ftnk","6","3600","blue","decided","510","4","0","1106","0","166720","113489","6","1","93","3","4","97","3","4.1","0"
"2","514","1v1","ltnk","1","750","arty","1","600","blue","decided","195","1","0","715","0","7500","1500","1","0","133","3","3","133","3","3","0"
"2","513","cost-spotted","ltnk","5","3750","stnk","4","3600","blue","decided","350","2","0","1497","0","60000","98108","4","3","91","3","4","82","3","5.1","0"
"2","515","cost","ltnk","5","3750","arty","6","3600","blue","decided","300","4","0","1528","0","51744","98955","6","1","103","3","4","113","4","11","0"
"2","516","cost-spotted","ltnk","5","3750","arty","6","3600","blue","decided","300","4","0","1000","0","56224","120035","6","1","131","3","4","108","11","12","0"
"2","517","1v1","ltnk","1","750","mlrs","1","600","blue","decided","325","1","0","743","0","20000","280","1","0","113","1","1","322","-1","-1","0"
"2","518","cost","ltnk","5","3750","mlrs","6","3600","blue","decided","405","5","0","3653","0","115904","4138","6","0","93","2","5.1","129","1","2.2","0"
"2","519","cost-spotted","ltnk","5","3750","mlrs","6","3600","blue","decided","430","5","0","3665","0","116488","3606","6","0","93","2","4.2","128","1","2.2","0"
"2","520","1v1","ltnk","1","750","orca","1","1200","red","decided","710","0","1","0","1200","0","34041","0","1","-1","-1","-1","102","2","5","0"
"2","526","1v1","ftnk","1","600","stnk","1","900","blue","decided","130","1","0","360","0","15000","10800","1","0","119","3","3","105","3","3","0"
"2","527","cost","ftnk","6","3600","stnk","4","3600","blue","decided","285","3","0","1342","0","77510","106038","4","3","96","-1","4.1","81","3","6.1","0"
"2","522","cost-spotted","ltnk","5","3750","orca","3","3600","red","decided","1200","0","3","0","3600","0","165206","0","5","-1","-1","-1","84","0","7.1","0"
"2","528","cost-spotted","ftnk","6","3600","stnk","4","3600","blue","decided","250","4","0","1800","0","74580","83459","4","2","97","3","4.5","81","3","6","0"
"2","529","1v1","ftnk","1","600","arty","1","600","blue","decided","145","1","0","448","0","7500","6825","1","0","141","-1","-1","142","-1","-1","0"
"2","530","cost","ftnk","6","3600","arty","6","3600","blue","decided","305","3","0","1110","0","68383","121175","6","3","119","-1","4","110","6","10","0"
"2","531","cost-spotted","ftnk","6","3600","arty","6","3600","blue","decided","310","2","0","577","0","70075","145675","6","4","141","-1","4.1","103","10","12","0"
"2","523","1v1","ltnk","1","750","heli","1","1200","red","decided","1990","0","1","0","1200","0","32000","0","1","-1","-1","-1","96","3","4","0"
"2","532","1v1","ftnk","1","600","mlrs","1","600","blue","decided","270","1","0","600","0","24825","0","1","0","127","1","3","-1","-1","-1","0"
"2","533","cost","ftnk","6","3600","mlrs","6","3600","blue","decided","225","6","0","3473","0","125415","5724","6","0","102","1","5","111","1","2","0"
"2","534","cost-spotted","ftnk","6","3600","mlrs","6","3600","blue","decided","240","6","0","3438","0","133143","7282","6","0","102","1","4.1","111","1","2.2","0"
"2","535","1v1","ftnk","1","600","orca","1","1200","red","decided","510","0","1","0","1200","0","27300","0","1","-1","-1","-1","104","3","5","0"
"2","521","cost","ltnk","5","3750","orca","3","3600","none","stalemate","2885","1","3","713","3600","0","135597","0","4","-1","-1","-1","84","0","7","0"
"2","536","cost","ftnk","6","3600","orca","3","3600","red","decided","905","0","3","0","3600","0","173026","0","6","-1","-1","-1","83","1","7","0"
"2","538","1v1","ftnk","1","600","heli","1","1200","red","decided","1645","0","1","0","1200","0","27000","0","1","-1","-1","-1","100","3","4","0"
"2","541","1v1","stnk","1","900","arty","1","600","blue","decided","130","1","0","228","0","12000","11200","1","0","119","5","5","121","5","5","0"
"2","524","cost","ltnk","5","3750","heli","3","3600","none","timeout","4500","1","3","708","3600","0","130480","0","4","-1","-1","-1","82","1","4.1","0"
"2","525","cost-spotted","ltnk","5","3750","heli","3","3600","none","timeout","4500","1","3","357","3600","0","144850","0","4","-1","-1","-1","78","3","4.1","0"
"2","542","cost","stnk","4","3600","arty","6","3600","red","decided","290","0","4","0","2398","22136","92512","2","4","103","5","7","110","5","11","0"
"2","543","cost-spotted","stnk","4","3600","arty","6","3600","red","decided","195","0","5","0","2765","14936","79856","1","4","116","6","6","102","8","11","0"
"2","537","cost-spotted","ftnk","6","3600","orca","3","3600","none","stalemate","2620","1","3","252","3600","0","155310","0","5","-1","-1","-1","83","1","5.1","0"
"2","544","1v1","stnk","1","900","mlrs","1","600","blue","decided","180","1","0","900","0","18000","0","1","0","104","3","3","-1","-1","-1","0"
"2","547","1v1","stnk","1","900","orca","1","1200","blue","decided","115","1","0","564","0","12000","5600","1","0","102","5","5","99","5","5","0"
"2","545","cost","stnk","4","3600","mlrs","6","3600","blue","decided","350","4","0","3393","0","113832","3456","6","0","90","3","7.1","156","-1","1.4","0"
"2","548","cost","stnk","4","3600","orca","3","3600","blue","decided","175","3","0","2196","0","37200","25200","3","1","80","3","5.1","89","-1","5","0"
"2","546","cost-spotted","stnk","4","3600","mlrs","6","3600","blue","decided","355","4","0","3259","0","112884","5688","6","0","90","3","8","164","-1","2.2","0"
"2","549","cost-spotted","stnk","4","3600","orca","3","3600","blue","decided","135","3","0","2532","0","34260","19600","3","1","80","3","6.1","89","-1","5","0"
"2","540","cost-spotted","ftnk","6","3600","heli","3","3600","red","decided","2325","0","3","0","3600","0","164010","0","6","-1","-1","-1","77","3","5","0"
"2","550","1v1","stnk","1","900","heli","1","1200","red","decided","170","0","1","0","48","12000","15000","0","1","99","4","4","90","4","4","0"
"2","551","cost","stnk","4","3600","heli","3","3600","blue","decided","180","3","0","2160","0","47700","24000","3","1","80","3","5.1","81","3","4","0"
"2","552","cost-spotted","stnk","4","3600","heli","3","3600","blue","decided","190","3","0","2160","0","51600","24000","3","1","81","3","5.1","83","3","3","0"
"2","556","1v1","arty","1","600","orca","1","1200","red","decided","135","0","1","0","1200","0","8400","0","1","-1","-1","-1","113","3","3","0"
"2","554","cost","arty","6","3600","mlrs","6","3600","blue","decided","370","6","0","2081","0","130408","18984","6","0","110","4","10","166","3","6","0"
"2","555","cost-spotted","arty","6","3600","mlrs","6","3600","blue","decided","360","5","0","2738","0","147352","10888","6","1","102","8","12","168","3","5","0"
"2","557","cost","arty","6","3600","orca","3","3600","red","decided","300","0","3","0","3600","0","51360","0","6","-1","-1","-1","89","1","5","0"
"2","559","1v1","arty","1","600","heli","1","1200","red","decided","150","0","1","0","1200","0","7500","0","1","-1","-1","-1","108","3","3","0"
"2","558","cost-spotted","arty","6","3600","orca","3","3600","red","decided","295","0","3","0","3600","0","50728","0","6","-1","-1","-1","89","1","4.5","0"
"2","560","cost","arty","6","3600","heli","3","3600","red","decided","200","0","3","0","3600","0","45375","0","6","-1","-1","-1","82","3","3","0"
"2","562","1v1","mlrs","1","600","orca","1","1200","blue","decided","130","1","0","413","0","10000","5600","1","0","102","5","5","109","5","5","0"
"2","561","cost-spotted","arty","6","3600","heli","3","3600","red","decided","200","0","3","0","3600","0","45375","0","6","-1","-1","-1","84","3","3","0"
"2","563","cost","mlrs","6","3600","orca","3","3600","blue","decided","145","5","0","3000","0","39400","19600","3","1","79","3","9.1","88","2","5","0"
"2","564","cost-spotted","mlrs","6","3600","orca","3","3600","blue","decided","125","6","0","3227","0","30700","11200","3","0","74","5","8.1","94","-1","5","0"
"2","565","1v1","mlrs","1","600","heli","1","1200","blue","decided","150","1","0","300","0","15000","9000","1","0","100","4","4","103","4","4","0"
"2","566","cost","mlrs","6","3600","heli","3","3600","blue","decided","150","5","0","2999","0","48000","19124","3","1","77","4","10","82","3","4","0"
"2","567","cost-spotted","mlrs","6","3600","heli","3","3600","blue","decided","145","6","0","3187","0","43050","12400","3","0","75","5","9.2","87","3","4","0"
"2","568","1v1","orca","1","1200","heli","1","1200","blue","decided","160","1","0","144","0","12600","8800","1","0","99","3","3","89","3","3","0"
"2","553","1v1","arty","1","600","mlrs","1","600","none","stalemate","1125","1","1","600","600","0","0","0","0","-1","-1","-1","-1","-1","-1","0"
"2","569","cost","orca","3","3600","heli","3","3600","red","decided","335","0","1","0","394","34461","33000","2","3","83","3","4","81","3","4","0"
"2","570","cost-spotted","orca","3","3600","heli","3","3600","blue","decided","340","1","0","144","0","38430","30800","3","2","85","1","3","79","4","4","0"
"2","571","tower","e1","24","2400","gtwr","1","600","red","decided","725","0","1","0","384","14400","132330","0","24","372","4","4.1","274","7","7.3","0"
"2","573","tower","e1","24","2400","gun","1","600","blue","decided","765","23","0","2111","0","41000","14784","1","1","317","4","4.1","277","5","5","0"
"2","539","cost","ftnk","6","3600","heli","3","3600","none","timeout","4500","2","3","366","3600","0","146605","0","4","-1","-1","-1","77","3","5","0"
"2","572","tower","e1","24","2400","atwr","1","1000","red","decided","1100","0","1","0","309","38000","125785","0","24","333","4","4.1","271","8","8.1","0"
"2","575","tower","e1","24","2400","sam","1","650","blue","decided","1080","24","0","2400","0","40000","0","1","0","327","3","4.1","-1","-1","-1","0"
"2","578","tower","e2","15","2400","gtwr","1","600","blue","decided","445","6","0","297","0","41875","70393","1","9","331","4","4.1","217","8","8.1","0"
"2","574","tower","e1","24","2400","obli","1","1500","blue","decided","1275","12","0","1200","0","75000","432000","1","12","329","4","4.1","293","-1","-1","0"
"2","579","tower","e2","15","2400","atwr","1","1000","blue","decided","435","14","0","1279","0","57275","35708","1","1","303","4","4.1","220","7","7.1","0"
"2","577","raid","e1","12","1200","proc","1","1500","blue","decided","935","12","0","1200","0","100200","0","1","0","327","3.2","4.5","-1","-1","-1","0"
"2","580","tower","e2","15","2400","gun","1","600","blue","decided","385","15","0","2254","0","42200","4552","1","0","293","4","4","221","5","5","0"
"2","581","tower","e2","15","2400","obli","1","1500","blue","decided","440","12","0","1878","0","77300","91512","1","3","302","4","4","246","-1","-1","0"
"2","582","tower","e2","15","2400","sam","1","650","blue","decided","450","15","0","2400","0","40047","0","1","0","292","3","4.1","-1","-1","-1","0"
"2","576","raid","e1","12","1200","harv","1","1100","blue","decided","1420","12","0","1200","0","62500","0","1","0","317","4","4","-1","-1","-1","0"
"2","583","raid","e2","8","1280","harv","1","1100","blue","decided","595","8","0","1280","0","63563","0","1","0","297","4","4","-1","-1","-1","0"
"2","584","raid","e2","8","1280","proc","1","1500","blue","decided","565","8","0","1280","0","101050","0","1","0","297","3.2","4.1","-1","-1","-1","0"
"2","585","tower","e3","8","2400","gtwr","1","600","red","decided","660","0","1","0","75","35000","39120","0","8","405","6","6","385","6","8.1","0"
"2","586","tower","e3","8","2400","atwr","1","1000","blue","decided","670","5","0","451","0","56000","30503","1","3","413","6","6","369","8.1","8.1","0"
"2","587","tower","e3","8","2400","gun","1","600","blue","decided","585","8","0","1916","0","42000","7256","1","0","406","6","6","390","6","6","0"
"2","588","tower","e3","8","2400","obli","1","1500","blue","decided","715","4","0","1200","0","77000","128880","1","4","450","5","6","384","-1","5","0"
"2","589","tower","e3","8","2400","sam","1","650","blue","decided","650","8","0","2400","0","40250","0","1","0","428","5","6.1","-1","-1","-1","0"
"2","592","tower","e4","12","2400","gtwr","1","600","blue","decided","495","10","0","1450","0","40000","45240","1","2","376","3","3","276","7.1","7.3","0"
"2","590","raid","e3","4","1200","harv","1","1100","blue","decided","735","4","0","1200","0","63000","0","1","0","457","6","6","-1","-1","-1","0"
"2","593","tower","e4","12","2400","atwr","1","1000","blue","decided","510","11","0","1676","0","56000","33039","1","1","379","3","3","272","6.1","7.3","0"
"2","594","tower","e4","12","2400","gun","1","600","blue","decided","460","12","0","2286","0","44000","5148","1","0","362","3","3","278","5.1","5.1","0"
"2","595","tower","e4","12","2400","obli","1","1500","blue","decided","475","10","0","2000","0","76000","72000","1","2","360","3","3","297","-1","-1","0"
"2","591","raid","e3","4","1200","proc","1","1500","blue","decided","950","4","0","1200","0","101500","0","1","0","470","5.1","6.1","-1","-1","-1","0"
"2","596","tower","e4","12","2400","sam","1","650","blue","decided","485","12","0","2400","0","40000","0","1","0","353","3.2","3.2","-1","-1","-1","0"
"2","598","raid","e4","6","1200","proc","1","1500","blue","decided","590","6","0","1200","0","100000","0","1","0","348","2.2","3.2","-1","-1","-1","0"
"2","599","tower","e5","8","2400","gtwr","1","600","blue","decided","500","6","0","1269","0","42000","36465","1","2","377","3","3","274","7.1","7.1","0"
"2","600","tower","e5","8","2400","atwr","1","1000","blue","decided","510","7","0","1512","0","60000","26722","1","1","379","3","3","271","8.1","8.1","0"
"2","601","tower","e5","8","2400","gun","1","600","blue","decided","460","8","0","2212","0","42000","5640","1","0","371","3","3","283","5.1","5.1","0"
"2","602","tower","e5","8","2400","obli","1","1500","blue","decided","510","5","0","1500","0","78000","108000","1","3","370","2","3","296","-1","-1","0"
"2","603","tower","e5","8","2400","sam","1","650","blue","decided","490","8","0","2400","0","42000","0","1","0","356","2","3.2","-1","-1","-1","0"
"2","604","raid","e5","4","1200","harv","1","1100","blue","decided","550","4","0","1199","0","66000","36","1","0","375","3","3","548","-1","-1","0"
"2","605","raid","e5","4","1200","proc","1","1500","blue","decided","970","4","0","1200","0","100800","0","1","0","386","2.2","3.2","-1","-1","-1","0"
"2","597","raid","e4","6","1200","harv","1","1100","blue","decided","1810","6","0","1199","0","62800","36","1","0","337","3","3","1810","-1","-1","0"
"2","606","tower","rmbo","2","3000","gtwr","1","600","none","stalemate","1125","2","1","3000","600","0","0","0","0","-1","-1","-1","-1","-1","-1","0"
"2","607","tower","rmbo","2","3000","atwr","1","1000","none","stalemate","1125","2","1","3000","1000","0","0","0","0","-1","-1","-1","-1","-1","-1","0"
"2","608","tower","rmbo","2","3000","gun","1","600","none","stalemate","1125","2","1","3000","600","0","0","0","0","-1","-1","-1","-1","-1","-1","0"
"2","609","tower","rmbo","2","3000","obli","1","1500","none","stalemate","1125","2","1","3000","1500","0","0","0","0","-1","-1","-1","-1","-1","-1","0"
"2","614","tower","jeep","6","2400","atwr","1","1000","red","decided","540","0","1","0","753","13570","101880","0","6","120","4","4","113","6","6","0"
"2","610","tower","rmbo","2","3000","sam","1","650","none","stalemate","1125","2","1","3000","650","0","0","0","0","-1","-1","-1","-1","-1","-1","0"
"2","613","tower","jeep","6","2400","gtwr","1","600","red","decided","730","0","1","0","200","26680","100749","0","6","120","4","4","107","7","7","0"
"2","611","raid","rmbo","1","1500","harv","1","1100","none","stalemate","1125","1","1","1500","1100","0","0","0","0","-1","-1","-1","-1","-1","-1","0"
"2","615","tower","jeep","6","2400","gun","1","600","red","decided","590","0","1","0","383","14835","103376","0","6","120","4","4","112","4","4.1","0"
"2","612","raid","rmbo","1","1500","proc","1","1500","none","stalemate","1125","1","1","1500","1500","0","0","0","0","-1","-1","-1","-1","-1","-1","0"
"2","616","tower","jeep","6","2400","obli","1","1500","red","decided","600","0","1","0","1208","14605","222696","0","6","120","4","4","148","-1","-1","0"
"2","621","tower","apc","4","2400","atwr","1","1000","red","decided","530","0","1","0","641","19750","83020","0","4","150","5","5","142","6","7","0"
"2","620","tower","apc","4","2400","gtwr","1","600","blue","decided","595","4","0","1387","0","40000","32076","1","0","150","5","5","135","7","8","0"
"2","617","tower","jeep","6","2400","sam","1","650","blue","decided","1125","6","0","2400","0","40025","0","1","0","119","3","4","-1","-1","-1","0"
"2","622","tower","apc","4","2400","gun","1","600","red","decided","540","0","1","0","333","18250","81570","0","4","150","5","5","139","5","5.1","0"
"2","623","tower","apc","4","2400","obli","1","1500","red","decided","445","0","1","0","1270","11500","144860","0","4","150","5","5","172","-1","-1","0"
"2","618","raid","jeep","3","1200","harv","1","1100","blue","decided","1610","3","0","1200","0","62560","0","1","0","140","3","4","-1","-1","-1","0"
"2","627","tower","mtnk","3","2700","gtwr","1","600","blue","decided","435","3","0","2486","0","40000","10719","1","0","271","4.1","4.5","255","7.3","7.3","0"
"2","624","tower","apc","4","2400","sam","1","650","blue","decided","915","4","0","2400","0","40000","0","1","0","147","4","5","-1","-1","-1","0"
"2","628","tower","mtnk","3","2700","atwr","1","1000","blue","decided","475","3","0","1757","0","56000","47160","1","0","271","4.1","4.5","256","7.3","7.3","0"
"2","629","tower","mtnk","3","2700","gun","1","600","blue","decided","435","3","0","1902","0","44000","39920","1","0","271","4.1","4.5","253","5.1","5.1","0"
"2","625","raid","apc","2","1200","harv","1","1100","blue","decided","1290","2","0","1200","0","62500","0","1","0","163","4","5","-1","-1","-1","0"
"2","630","tower","mtnk","3","2700","obli","1","1500","blue","decided","715","1","0","176","0","76000","180480","1","2","271","4.1","4.5","276","4.1","4.5","0"
"2","619","raid","jeep","3","1200","proc","1","1500","blue","decided","2485","3","0","1200","0","100050","0","1","0","140","3.2","4.1","-1","-1","-1","0"
"2","631","tower","mtnk","3","2700","sam","1","650","blue","decided","590","3","0","2700","0","40000","0","1","0","272","4","4.1","-1","-1","-1","0"
"2","632","raid","mtnk","1","900","harv","1","1100","blue","decided","900","1","0","900","0","64000","0","1","0","299","4.1","4.1","-1","-1","-1","0"
"2","634","tower","htnk","1","1800","gtwr","1","600","blue","decided","610","1","0","1651","0","41200","7200","1","0","464","4.1","4.1","431","5.1","5.1","0"
"2","626","raid","apc","2","1200","proc","1","1500","blue","decided","1960","2","0","1200","0","100000","0","1","0","160","4.1","5.1","-1","-1","-1","0"
"2","635","tower","htnk","1","1800","atwr","1","1000","blue","decided","665","1","0","931","0","55400","42000","1","0","464","4.1","4.1","427","5.1","5.1","0"
"2","636","tower","htnk","1","1800","gun","1","600","blue","decided","610","1","0","1055","0","41200","36000","1","0","464","4.1","4.1","437","5.1","5.1","0"
"2","633","raid","mtnk","1","900","proc","1","1500","blue","decided","1255","1","0","900","0","100000","0","1","0","297","4.1","4.1","-1","-1","-1","0"
"2","637","tower","htnk","1","1800","obli","1","1500","red","decided","630","0","1","0","596","45200","108000","0","1","464","4.1","4.1","448","5.1","5.1","0"
"2","641","tower","msam","3","2700","gtwr","1","600","blue","decided","400","3","0","2700","0","40608","0","1","0","218","11","11","-1","-1","-1","0"
"2","639","raid","htnk","1","1800","harv","1","1100","blue","decided","710","1","0","1800","0","63800","0","1","0","464","4.1","4.1","-1","-1","-1","0"
"2","638","tower","htnk","1","1800","sam","1","650","blue","decided","775","1","0","1800","0","40100","0","1","0","466","4","4","-1","-1","-1","0"
"2","640","raid","htnk","1","1800","proc","1","1500","blue","decided","805","1","0","1800","0","103600","0","1","0","459","4.1","4.1","-1","-1","-1","0"
"2","643","tower","msam","3","2700","gun","1","600","blue","decided","405","3","0","2700","0","41988","0","1","0","217","11","11","-1","-1","-1","0"
"2","642","tower","msam","3","2700","atwr","1","1000","blue","decided","435","3","0","2700","0","55524","0","1","0","218","11","11","-1","-1","-1","0"
"2","644","tower","msam","3","2700","obli","1","1500","blue","decided","510","3","0","2700","0","75192","0","1","0","217","11","11","-1","-1","-1","0"
"2","645","tower","msam","3","2700","sam","1","650","blue","decided","535","3","0","2700","0","40242","0","1","0","222","10","11","-1","-1","-1","0"
"2","649","tower","bggy","8","2400","atwr","1","1000","red","decided","515","0","1","0","704","16300","103428","0","8","103","4","4","98","6","7","0"
"2","646","raid","msam","1","900","harv","1","1100","blue","decided","980","1","0","900","0","63636","0","1","0","246","11","11","-1","-1","-1","0"
"2","650","tower","bggy","8","2400","gun","1","600","red","decided","575","0","1","0","351","17000","107568","0","8","103","4","4","115","4","4","0"
"2","648","tower","bggy","8","2400","gtwr","1","600","red","decided","795","0","1","0","164","29100","106011","0","8","103","4","4","96","6","7","0"
"2","647","raid","msam","1","900","proc","1","1500","blue","decided","1085","1","0","900","0","100500","0","1","0","248","10","10","-1","-1","-1","0"
"2","651","tower","bggy","8","2400","obli","1","1500","red","decided","765","0","1","0","1012","24400","298968","0","8","103","4","4","133","-1","-1","0"
"2","655","tower","bike","5","2500","gtwr","1","600","blue","decided","290","4","0","1059","0","40300","33309","1","1","114","6","6","92","6","9","0"
"2","656","tower","bike","5","2500","atwr","1","1000","red","decided","330","0","1","0","267","40300","59352","0","5","114","6","6","99","6","8","0"
"2","657","tower","bike","5","2500","gun","1","600","blue","decided","285","2","0","772","0","43400","43024","1","3","114","6","6","92","6","6","0"
"2","652","tower","bggy","8","2400","sam","1","650","blue","decided","975","8","0","2400","0","40000","0","1","0","102","3","4","-1","-1","-1","0"
"2","658","tower","bike","5","2500","obli","1","1500","blue","decided","435","1","0","467","0","77500","147744","1","4","114","6","6","129","-1","-1","0"
"2","659","tower","bike","5","2500","sam","1","650","blue","decided","315","5","0","2500","0","40300","0","1","0","118","5","6","-1","-1","-1","0"
"2","660","raid","bike","2","1000","harv","1","1100","blue","decided","480","2","0","1000","0","65100","0","1","0","130","6","6","-1","-1","-1","0"
"2","662","tower","ltnk","3","2250","gtwr","1","600","blue","decided","440","3","0","1889","0","41800","15408","1","0","200","4","4","178","7","7","0"
"2","653","raid","bggy","4","1200","harv","1","1100","blue","decided","1405","4","0","1199","0","62500","24","1","0","114","3","4","1402","-1","-1","0"
"2","663","tower","ltnk","3","2250","atwr","1","1000","blue","decided","565","1","0","531","0","55000","74840","1","2","200","4","4","183","6","6","0"
"2","664","tower","ltnk","3","2250","gun","1","600","blue","decided","480","2","0","834","0","41800","61340","1","1","200","4","4","182","4","4","0"
"2","661","raid","bike","2","1000","proc","1","1500","blue","decided","860","2","0","1000","0","101200","0","1","0","129","5.1","6.1","-1","-1","-1","0"
"2","665","tower","ltnk","3","2250","obli","1","1500","red","decided","400","0","1","0","1192","15400","108300","0","3","200","4","4","216","-1","-1","0"
"2","666","tower","ltnk","3","2250","sam","1","650","blue","decided","585","3","0","2250","0","40700","0","1","0","199","3","4","-1","-1","-1","0"
"2","669","tower","ftnk","4","2400","gtwr","1","600","blue","decided","310","4","0","2252","0","45000","6660","1","0","224","3.2","3.2","189","7","7","0"
"2","670","tower","ftnk","4","2400","atwr","1","1000","blue","decided","320","4","0","1700","0","60000","31500","1","0","224","3.2","3.2","193","6","6","0"
"2","667","raid","ltnk","2","1500","harv","1","1100","blue","decided","630","2","0","1500","0","63800","0","1","0","209","3","4","-1","-1","-1","0"
"2","654","raid","bggy","4","1200","proc","1","1500","blue","decided","2165","4","0","1200","0","100000","0","1","0","114","3.2","4.1","-1","-1","-1","0"
"2","671","tower","ftnk","4","2400","gun","1","600","blue","decided","310","4","0","1833","0","45000","25520","1","0","224","3.2","3.2","193","4.1","4.1","0"
"2","672","tower","ftnk","4","2400","obli","1","1500","red","decided","490","0","1","0","374","56295","165850","0","4","217","-1","3.2","217","-1","-1","0"
"2","673","tower","ftnk","4","2400","sam","1","650","blue","decided","385","4","0","2400","0","41250","0","1","0","230","3","3","-1","-1","-1","0"
"2","668","raid","ltnk","2","1500","proc","1","1500","blue","decided","900","2","0","1500","0","101200","0","1","0","207","3.2","4.1","-1","-1","-1","0"
"2","676","tower","stnk","3","2700","gtwr","1","600","blue","decided","295","3","0","2700","0","43200","0","1","0","171","7","7","-1","-1","-1","0"
"2","675","raid","ftnk","2","1200","proc","1","1500","blue","decided","500","2","0","1200","0","105000","0","1","0","244","3.2","3.2","-1","-1","-1","0"
"2","678","tower","stnk","3","2700","gun","1","600","blue","decided","300","3","0","2700","0","43200","0","1","0","170","7","7","-1","-1","-1","0"
"2","677","tower","stnk","3","2700","atwr","1","1000","blue","decided","370","1","0","207","0","59400","42150","1","2","171","7","7","166","7","9","0"
"2","674","raid","ftnk","2","1200","harv","1","1100","blue","decided","865","2","0","1200","0","63000","0","1","0","246","3.2","3.2","-1","-1","-1","0"
"2","680","tower","stnk","3","2700","sam","1","650","blue","decided","340","3","0","2700","0","40500","0","1","0","170","6","7","-1","-1","-1","0"
"2","681","raid","stnk","1","900","harv","1","1100","blue","decided","600","1","0","900","0","64800","0","1","0","186","7","7","-1","-1","-1","0"
"2","683","tower","arty","4","2400","gtwr","1","600","blue","decided","370","4","0","2400","0","43875","0","1","0","225","11","11","-1","-1","-1","0"
"2","684","tower","arty","4","2400","atwr","1","1000","blue","decided","435","4","0","2400","0","60975","0","1","0","221","11","11","-1","-1","-1","0"
"2","685","tower","arty","4","2400","gun","1","600","blue","decided","430","4","0","2400","0","46275","0","1","0","220","11","11","-1","-1","-1","0"
"2","687","tower","arty","4","2400","sam","1","650","blue","decided","470","4","0","2400","0","43086","0","1","0","229","10","11","-1","-1","-1","0"
"2","686","tower","arty","4","2400","obli","1","1500","blue","decided","505","4","0","2400","0","76425","0","1","0","223","11","11","-1","-1","-1","0"
"2","682","raid","stnk","1","900","proc","1","1500","blue","decided","1065","1","0","900","0","103500","0","1","0","185","6.1","6.1","-1","-1","-1","0"
"2","679","tower","stnk","3","2700","obli","1","1500","none","stalemate","1435","1","1","900","960","27000","72000","0","2","170","7","7","192","-1","-1","0"
"2","689","raid","arty","2","1200","proc","1","1500","blue","decided","580","2","0","1200","0","107800","0","1","0","254","10","11","-1","-1","-1","0"
"2","688","raid","arty","2","1200","harv","1","1100","blue","decided","655","2","0","1200","0","64950","0","1","0","254","11","11","-1","-1","-1","0"
"2","690","tower","mlrs","4","2400","gtwr","1","600","none","stalemate","1125","4","1","2400","600","0","0","0","0","-1","-1","-1","-1","-1","-1","0"
"2","691","tower","mlrs","4","2400","atwr","1","1000","none","stalemate","1125","4","1","2400","1000","0","0","0","0","-1","-1","-1","-1","-1","-1","0"
"2","692","tower","mlrs","4","2400","gun","1","600","none","stalemate","1125","4","1","2400","600","0","0","0","0","-1","-1","-1","-1","-1","-1","0"
"2","693","tower","mlrs","4","2400","obli","1","1500","none","stalemate","1125","4","1","2400","1500","0","0","0","0","-1","-1","-1","-1","-1","-1","0"
"2","694","tower","mlrs","4","2400","sam","1","650","none","stalemate","1125","4","1","2400","650","0","0","0","0","-1","-1","-1","-1","-1","-1","0"
"2","695","raid","mlrs","2","1200","harv","1","1100","none","stalemate","1125","2","1","1200","1100","0","0","0","0","-1","-1","-1","-1","-1","-1","0"
"2","698","tower","orca","2","2400","atwr","1","1000","red","decided","220","0","1","0","809","10500","23625","0","2","155","5","5","134","7","7","0"
"2","701","tower","orca","2","2400","sam","1","650","red","decided","245","0","1","0","377","16800","23555","0","2","155","5","5","138","5","5","0"
"2","697","tower","orca","2","2400","gtwr","1","600","blue","decided","870","2","0","2400","0","42000","0","1","0","155","5","5","-1","-1","-1","0"
"2","699","tower","orca","2","2400","gun","1","600","blue","decided","870","2","0","2400","0","42000","0","1","0","155","5","5","-1","-1","-1","0"
"2","696","raid","mlrs","2","1200","proc","1","1500","none","stalemate","1125","2","1","1200","1500","0","0","0","0","-1","-1","-1","-1","-1","-1","0"
"2","705","tower","heli","2","2400","atwr","1","1000","red","decided","250","0","1","0","909","5000","27615","0","2","148","4","4","138","7","7","0"
"2","702","raid","orca","1","1200","harv","1","1100","blue","decided","1375","1","0","1200","0","63000","0","1","0","163","5","5","-1","-1","-1","0"
"2","700","tower","orca","2","2400","obli","1","1500","blue","decided","1670","2","0","2400","0","75600","0","1","0","155","5","5","-1","-1","-1","0"
"2","708","tower","heli","2","2400","sam","1","650","red","decided","240","0","1","0","569","5000","28105","0","2","148","4","4","142","5","5","0"
"2","703","raid","orca","1","1200","proc","1","1500","blue","decided","1675","1","0","1200","0","100800","0","1","0","162","5.1","5.1","-1","-1","-1","0"
"2","704","tower","heli","2","2400","gtwr","1","600","blue","decided","2600","2","0","2400","0","40000","0","1","0","148","4","4","-1","-1","-1","0"
"2","706","tower","heli","2","2400","gun","1","600","blue","decided","2670","2","0","2400","0","41000","0","1","0","148","4","4","-1","-1","-1","0"
"2","710","raid","heli","1","1200","proc","1","1500","blue","decided","2185","1","0","1200","0","100500","0","1","0","155","4.1","4.1","-1","-1","-1","0"
"2","707","tower","heli","2","2400","obli","1","1500","none","timeout","4500","2","1","2400","160","67000","0","0","0","148","4","4","-1","-1","-1","0"
"2","709","raid","heli","1","1200","harv","1","1100","blue","decided","4220","1","0","1200","0","62500","0","1","0","156","4","4","-1","-1","-1","0"
"3","3","cost-spotted","e1","36","3600","e2","23","3680","blue","decided","275","22","0","1137","0","122318","137400","23","14","134","3","4.5","169","3.2","4.1","0"
"3","1","1v1","e1","1","100","e2","1","160","blue","decided","295","1","0","8","0","5445","4600","1","0","173","3","3","222","3","3","0"
"3","6","cost-spotted","e1","36","3600","e3","12","3600","blue","decided","310","36","0","3370","0","56638","11514","12","0","191","3.2","4.5","174","3","5.1","0"
"3","2","cost","e1","36","3600","e2","23","3680","blue","decided","315","16","0","507","0","123163","169425","23","20","134","3","4.5","168","3.2","5.1","0"
"3","5","cost","e1","36","3600","e3","12","3600","blue","decided","315","36","0","3320","0","56381","13989","12","0","191","3.2","4.5","174","3","6","0"
"3","4","1v1","e1","1","100","e3","1","300","blue","decided","345","1","0","72","0","4500","1400","1","0","261","3","3","227","4","4","0"
"3","10","1v1","e1","1","100","e5","1","300","red","decided","215","0","1","0","250","1500","5600","0","1","210","2","2","212","-1","-1","0"
"3","7","1v1","e1","1","100","e4","1","200","red","decided","270","0","1","0","133","3000","6600","0","1","210","2","2","212","2","2","0"
"3","11","cost","e1","36","3600","e5","12","3600","blue","decided","270","31","0","2711","0","110564","47800","12","5","153","3.2","4.5","155","3.2","4.1","0"
"3","8","cost","e1","36","3600","e4","18","3600","blue","decided","300","29","0","2163","0","167845","84612","18","7","153","3.2","4.5","155","3.2","4.1","0"
"3","9","cost-spotted","e1","36","3600","e4","18","3600","blue","decided","300","29","0","2314","0","167863","74514","18","7","153","3.2","4.5","155","3.2","4.1","0"
"3","12","cost-spotted","e1","36","3600","e5","12","3600","blue","decided","275","29","0","2520","0","110962","57988","12","7","153","3.2","4.5","155","3.2","4.1","0"
"3","13","1v1","e1","1","100","rmbo","1","1500","red","decided","155","0","1","0","1500","0","10000","0","1","-1","-1","-1","152","-1","-1","0"
"3","16","1v1","e1","1","100","jeep","1","400","red","decided","135","0","1","0","380","800","5173","0","1","115","2","2","114","2","2","0"
"3","14","cost","e1","36","3600","rmbo","2","3000","blue","decided","235","31","0","3100","0","30750","50000","2","5","153","3.2","4.2","107","-1","-1","0"
"3","15","cost-spotted","e1","36","3600","rmbo","2","3000","blue","decided","250","32","0","3200","0","30000","40000","2","4","172","3.2","4.1","107","-1","-1","0"
"3","18","cost-spotted","e1","36","3600","jeep","9","3600","red","decided","295","0","7","0","2119","59616","192925","2","36","92","3","4.5","85","2","4.2","0"
"3","17","cost","e1","36","3600","jeep","9","3600","red","decided","310","0","7","0","1934","67276","191555","2","36","92","3","4.1","85","2","4.2","0"
"3","19","1v1","e1","1","100","apc","1","600","red","decided","410","0","1","0","553","1500","5055","0","1","116","3","3","112","3","3","0"
"3","22","1v1","e1","1","100","mtnk","1","900","red","decided","525","0","1","0","864","1800","5070","0","1","175","3","3","166","3","3","0"
"3","25","1v1","e1","1","100","htnk","1","1800","red","decided","285","0","1","0","1792","400","5414","0","1","212","3","3","206","3","3","0"
"3","20","cost","e1","36","3600","apc","6","3600","blue","decided","910","26","0","2162","0","114325","72741","6","10","96","3.2","4.2","84","3","4.1","0"
"3","21","cost-spotted","e1","36","3600","apc","6","3600","blue","decided","955","25","0","2122","0","114285","74870","6","11","96","3.2","4.1","84","3","4.1","0"
"3","28","1v1","e1","1","100","msam","1","900","red","decided","405","0","1","0","630","3600","5196","0","1","243","3","3.2","161","5","5","0"
"3","29","cost","e1","36","3600","msam","4","3600","blue","decided","425","29","0","1541","0","48171","103561","4","7","208","3.6","4.1","119","8.2","12.4","0"
"3","24","cost-spotted","e1","36","3600","mtnk","4","3600","blue","decided","1340","28","0","2425","0","180138","59635","4","8","134","3.2","4.2","130","3","4.5","0"
"3","23","cost","e1","36","3600","mtnk","4","3600","blue","decided","1355","28","0","2437","0","180210","58757","4","8","134","3.2","4.2","128","3","4.5","0"
"3","31","1v1","e1","1","100","bggy","1","300","red","decided","140","0","1","0","270","1200","5250","0","1","97","3","3","98","3","3","0"
"3","26","cost","e1","36","3600","htnk","2","3600","red","decided","1065","0","2","0","1937","80400","195308","0","36","171","3","4.1","157","2","5.1","0"
"3","27","cost-spotted","e1","36","3600","htnk","2","3600","red","decided","1085","0","2","0","1895","82400","193619","0","36","171","3","4.1","159","2","5.1","0"
"3","30","cost-spotted","e1","36","3600","msam","4","3600","blue","decided","485","24","0","1341","0","48724","113934","4","12","283","3.6","4.1","103","11.2","13.2","0"
"3","32","cost","e1","36","3600","bggy","12","3600","red","decided","335","0","7","0","1390","89710","194379","5","36","77","2.8","4.2","74","2","5.1","0"
"3","33","cost-spotted","e1","36","3600","bggy","12","3600","red","decided","345","0","6","0","1321","92383","194792","6","36","77","2.8","4.1","74","2","5.1","0"
"3","35","cost","e1","36","3600","bike","7","3500","blue","decided","340","35","0","3076","0","78648","26475","7","1","77","3.2","4.2","78","4","6.3","0"
"3","36","cost-spotted","e1","36","3600","bike","7","3500","blue","decided","340","35","0","3118","0","78632","24341","7","1","96","3.2","4.2","78","3","6","0"
"3","34","1v1","e1","1","100","bike","1","500","red","decided","585","0","1","0","64","9600","5151","0","1","125","3","3","99","3","3","0"
"3","40","1v1","e1","1","100","ftnk","1","600","red","decided","155","0","1","0","598","100","5248","0","1","153","-1","-1","153","-1","-1","0"
"3","37","1v1","e1","1","100","ltnk","1","750","red","decided","590","0","1","0","696","2300","5100","0","1","135","3","3","141","3","3","0"
"3","41","cost","e1","36","3600","ftnk","6","3600","red","decided","365","0","6","0","3146","20412","246287","0","36","115","2.2","5","127","2.2","4.5","0"
"3","42","cost-spotted","e1","36","3600","ftnk","6","3600","red","decided","385","0","6","0","3171","19305","250961","0","36","115","3.2","4.2","119","3.2","4.5","0"
"3","43","1v1","e1","1","100","stnk","1","900","red","decided","360","0","1","0","660","4000","5467","0","1","172","3","3","125","4","4","0"
"3","44","cost","e1","36","3600","stnk","4","3600","blue","decided","305","35","0","3145","0","60400","22771","4","1","135","3.6","4.2","95","4","5","0"
"3","45","cost-spotted","e1","36","3600","stnk","4","3600","blue","decided","280","35","0","3221","0","61200","19386","4","1","134","3.2","4.1","95","4","5","0"
"3","38","cost","e1","36","3600","ltnk","5","3750","blue","decided","1105","30","0","2780","0","160180","41594","5","6","112","3","4.2","107","2","4","0"
"3","39","cost-spotted","e1","36","3600","ltnk","5","3750","blue","decided","1100","30","0","2851","0","160160","37979","5","6","112","3.2","4.2","104","2","4","0"
"3","46","1v1","e1","1","100","arty","1","600","red","decided","340","0","1","0","440","2000","15820","0","1","200","2","3.2","176","3","3","0"
"3","47","cost","e1","36","3600","arty","6","3600","blue","decided","515","4","0","99","0","46188","250167","6","32","154","3.6","4.1","135","4.1","11","0"
"3","48","cost-spotted","e1","36","3600","arty","6","3600","red","decided","470","0","3","0","994","33088","292530","3","36","211","3.6","4.1","119","10","12","0"
"3","51","cost-spotted","e1","36","3600","mlrs","6","3600","blue","decided","440","25","0","2302","0","108972","81443","6","11","115","2.2","5.1","140","2.2","4.5","0"
"3","52","1v1","e1","1","100","orca","1","1200","red","decided","440","0","1","0","1200","0","5252","0","1","-1","-1","-1","121","3","5","0"
"3","55","1v1","e1","1","100","heli","1","1200","red","decided","135","0","1","0","1200","0","5200","0","1","-1","-1","-1","116","2","2","0"
"3","50","cost","e1","36","3600","mlrs","6","3600","blue","decided","660","28","0","2417","0","108716","68135","6","8","115","2.2","5.4","140","2.2","5","0"
"3","58","1v1","e2","1","160","e3","1","300","blue","decided","255","1","0","142","0","4750","560","1","0","253","-1","-1","200","3","3","0"
"3","49","1v1","e1","1","100","mlrs","1","600","blue","decided","1080","1","0","100","0","18000","0","1","0","153","2","4.1","-1","-1","-1","0"
"3","59","cost","e2","23","3680","e3","12","3600","blue","decided","360","23","0","3116","0","64913","17611","12","0","201","3.2","6.1","149","4","6","0"
"3","60","cost-spotted","e2","23","3680","e3","12","3600","blue","decided","355","23","0","3176","0","63449","15749","12","0","199","3.2","5.1","149","4","6","0"
"3","61","1v1","e2","1","160","e4","1","200","red","decided","250","0","1","0","160","1800","6600","0","1","213","2","2","192","2","2","0"
"3","62","cost","e2","23","3680","e4","18","3600","blue","decided","330","13","0","1596","0","176337","79515","18","10","167","2.2","5.1","154","3","4.5","0"
"3","64","1v1","e2","1","160","e5","1","300","red","decided","195","0","1","0","300","0","5600","0","1","-1","-1","-1","192","-1","-1","0"
"3","63","cost-spotted","e2","23","3680","e4","18","3600","blue","decided","325","14","0","1688","0","170375","75437","18","9","168","-1","5.1","154","3","4.5","0"
"3","56","cost","e1","36","3600","heli","3","3600","none","stalemate","1570","23","3","2253","3600","0","71828","0","13","-1","-1","-1","89","3","3.2","0"
"3","67","1v1","e2","1","160","rmbo","1","1500","red","decided","140","0","1","0","1500","0","10000","0","1","-1","-1","-1","137","-1","-1","0"
"3","65","cost","e2","23","3680","e5","12","3600","blue","decided","315","18","0","2197","0","116606","50195","12","5","170","2.2","4.5","154","2.2","4.1","0"
"3","66","cost-spotted","e2","23","3680","e5","12","3600","blue","decided","345","16","0","1741","0","115648","64612","12","7","170","-1","4.5","154","3","4.5","0"
"3","70","1v1","e2","1","160","jeep","1","400","red","decided","130","0","1","0","400","0","5173","0","1","-1","-1","-1","106","2","2","0"
"3","68","cost","e2","23","3680","rmbo","2","3000","blue","decided","285","17","0","2632","0","31375","48632","2","6","182","3.2","5","107","-1","4.1","0"
"3","69","cost-spotted","e2","23","3680","rmbo","2","3000","blue","decided","245","15","0","2349","0","30325","66961","2","8","213","-1","4.1","92","-1","4.1","0"
"3","71","cost","e2","23","3680","jeep","9","3600","red","decided","260","0","5","0","780","118274","124998","4","23","111","-1","5.4","79","3","4.1","0"
"3","72","cost-spotted","e2","23","3680","jeep","9","3600","blue","decided","420","4","0","384","0","158960","111137","9","19","116","-1","5.1","78","3","4.1","0"
"3","73","1v1","e2","1","160","apc","1","600","red","decided","400","0","1","0","279","10166","5016","0","1","143","3","3","104","3","3","0"
"3","74","cost","e2","23","3680","apc","6","3600","blue","decided","325","21","0","2875","0","118188","25271","6","2","128","3.2","5.4","78","3","4.1","0"
"3","75","cost-spotted","e2","23","3680","apc","6","3600","blue","decided","325","21","0","2899","0","116570","24509","6","2","126","3.2","5.1","78","3","4.1","0"
"3","76","1v1","e2","1","160","mtnk","1","900","red","decided","550","0","1","0","634","13277","5220","0","1","187","3","3","148","3","3","0"
"3","77","cost","e2","23","3680","mtnk","4","3600","blue","decided","420","22","0","3066","0","183423","19275","4","1","156","3.2","4.5","114","3","4","0"
"3","78","cost-spotted","e2","23","3680","mtnk","4","3600","blue","decided","420","22","0","3063","0","183093","19277","4","1","156","3","5","116","3","4","0"
"3","79","1v1","e2","1","160","htnk","1","1800","red","decided","245","0","1","0","1765","1700","5029","0","1","232","2","2","183","2","2","0"
"3","57","cost-spotted","e1","36","3600","heli","3","3600","none","stalemate","3470","9","3","881","3600","0","150504","0","27","-1","-1","-1","89","3","5","0"
"3","80","cost","e2","23","3680","htnk","2","3600","blue","decided","510","13","0","1309","0","174725","77713","2","10","177","3","5.1","138","3","4.5","0"
"3","82","1v1","e2","1","160","msam","1","900","red","decided","375","0","1","0","168","9760","5100","0","1","241","3.2","3.2","146","5","5","0"
"3","81","cost-spotted","e2","23","3680","htnk","2","3600","blue","decided","500","15","0","1446","0","175728","72832","2","8","185","3","5.1","138","3","4.5","0"
"3","85","1v1","e2","1","160","bggy","1","300","red","decided","140","0","1","0","290","400","5250","0","1","129","2","2","98","2","2","0"
"3","83","cost","e2","23","3680","msam","4","3600","blue","decided","445","9","0","509","0","55278","100549","4","14","181","3.2","5.8","115","7.1","12","0"
"3","53","cost","e1","36","3600","orca","3","3600","none","timeout","4500","16","3","1402","3600","0","113116","0","20","-1","-1","-1","95","0","6.3","0"
"3","86","cost","e2","23","3680","bggy","12","3600","red","decided","255","0","3","0","404","144344","122436","9","23","104","-1","6","68","2","5.1","0"
"3","84","cost-spotted","e2","23","3680","msam","4","3600","blue","decided","425","10","0","352","0","55176","104976","4","13","245","4.1","6.1","98","10","13.2","0"
"3","54","cost-spotted","e1","36","3600","orca","3","3600","none","timeout","4500","19","3","1618","3600","0","101724","0","17","-1","-1","-1","95","0","6.1","0"
"3","87","cost-spotted","e2","23","3680","bggy","12","3600","red","decided","255","0","4","0","744","116880","122639","8","23","108","-1","5.1","68","2","5","0"
"3","88","1v1","e2","1","160","bike","1","500","blue","decided","250","1","0","85","0","12000","2331","1","0","151","3","3","93","3","3","0"
"3","89","cost","e2","23","3680","bike","7","3500","blue","decided","310","22","0","3149","0","84968","16637","7","1","110","3","5.1","74","4","6.1","0"
"3","94","1v1","e2","1","160","ftnk","1","600","red","decided","145","0","1","0","600","0","8200","0","1","-1","-1","-1","141","-1","-1","0"
"3","90","cost-spotted","e2","23","3680","bike","7","3500","blue","decided","315","22","0","3215","0","87828","14610","7","1","108","3","5.4","74","4","6.3","0"
"3","92","cost","e2","23","3680","ltnk","5","3750","blue","decided","450","21","0","3229","0","163837","14290","5","2","135","2.2","5.1","100","2","4","0"
"3","93","cost-spotted","e2","23","3680","ltnk","5","3750","blue","decided","435","21","0","3233","0","163401","14154","5","2","136","3.6","5.4","94","2","4","0"
"3","91","1v1","e2","1","160","ltnk","1","750","red","decided","580","0","1","0","391","15300","5082","0","1","164","2","2","130","2","2","0"
"3","95","cost","e2","23","3680","ftnk","6","3600","red","decided","315","0","5","0","1354","101442","160196","1","23","139","-1","5.4","116","2.2","4.5","0"
"3","96","cost-spotted","e2","23","3680","ftnk","6","3600","red","decided","300","0","4","0","1220","108078","157505","2","23","140","-1","5.1","116","2.2","5","0"
"3","97","1v1","e2","1","160","stnk","1","900","red","decided","280","0","1","0","420","8000","5069","0","1","183","3","3","116","4","4","0"
"3","98","cost","e2","23","3680","stnk","4","3600","blue","decided","235","22","0","3121","0","65050","17500","4","1","163","3.2","5.1","89","5","5","0"
"3","99","cost-spotted","e2","23","3680","stnk","4","3600","blue","decided","250","22","0","3152","0","66480","16950","4","1","166","3","5.1","88","5","5","0"
"3","100","1v1","e2","1","160","arty","1","600","red","decided","325","0","1","0","600","0","16660","0","1","-1","-1","-1","160","3","3","0"
"3","102","cost-spotted","e2","23","3680","arty","6","3600","red","decided","330","0","2","0","638","47720","170279","4","23","202","-1","5","114","9.1","10","0"
"3","101","cost","e2","23","3680","arty","6","3600","red","decided","380","0","3","0","1516","29904","156450","3","23","171","3","5.1","124","6","10.2","0"
"3","103","1v1","e2","1","160","mlrs","1","600","blue","decided","510","1","0","160","0","18160","0","1","0","304","3.2","3.2","-1","-1","-1","0"
"3","105","cost-spotted","e2","23","3680","mlrs","6","3600","blue","decided","455","9","0","1280","0","115364","86705","6","14","139","3.2","5","145","-1","5","0"
"3","109","1v1","e2","1","160","heli","1","1200","red","decided","130","0","1","0","1200","0","5092","0","1","-1","-1","-1","109","3","3","0"
"3","106","1v1","e2","1","160","orca","1","1200","red","decided","630","0","1","0","1200","0","5332","0","1","-1","-1","-1","115","3","6","0"
"3","112","1v1","e3","1","300","e4","1","200","red","decided","320","0","1","0","188","525","6600","0","1","228","3","3","263","3","3","0"
"3","113","cost","e3","12","3600","e4","18","3600","red","decided","380","0","18","0","3281","14348","68200","0","12","174","3","5.4","204","3","4.1","0"
"3","104","cost","e2","23","3680","mlrs","6","3600","none","stalemate","1625","11","1","1529","99","112472","71665","5","12","138","0","6.3","143","-1","4.5","0"
"3","115","1v1","e3","1","300","e5","1","300","red","decided","265","0","1","0","293","210","5600","0","1","228","3","3","263","-1","-1","0"
"3","114","cost-spotted","e3","12","3600","e4","18","3600","red","decided","380","0","18","0","3310","13065","69586","0","12","174","3","5.4","204","3","4.1","0"
"3","110","cost","e2","23","3680","heli","3","3600","none","stalemate","1505","8","3","1200","3600","0","87257","0","15","-1","-1","-1","87","2","5.1","0"
"3","111","cost-spotted","e2","23","3680","heli","3","3600","none","stalemate","1500","10","3","1569","3600","0","72079","0","13","-1","-1","-1","83","3","5","0"
"3","118","1v1","e3","1","300","rmbo","1","1500","red","decided","170","0","1","0","1500","0","10000","0","1","-1","-1","-1","167","-1","-1","0"
"3","116","cost","e3","12","3600","e5","12","3600","red","decided","390","0","12","0","3128","14164","72380","0","12","174","3","5","204","-1","4.1","0"
"3","117","cost-spotted","e3","12","3600","e5","12","3600","red","decided","375","0","12","0","3118","14454","67704","0","12","174","3","5.1","204","-1","4.1","0"
"3","121","1v1","e3","1","300","jeep","1","400","red","decided","145","0","1","0","313","3500","5173","0","1","119","3","3","121","3","3","0"
"3","119","cost","e3","12","3600","rmbo","2","3000","red","decided","525","0","2","0","2096","9042","120000","0","12","152","5.1","6","122","-1","-1","0"
"3","122","cost","e3","12","3600","jeep","9","3600","red","decided","215","0","6","0","1819","75535","58281","3","12","92","3","5.1","91","3","4.1","0"
"3","123","cost-spotted","e3","12","3600","jeep","9","3600","red","decided","205","0","7","0","2095","63857","57802","2","12","92","3","5.1","93","3","4.5","0"
"3","120","cost-spotted","e3","12","3600","rmbo","2","3000","red","decided","565","0","2","0","1968","10322","120000","0","12","178","-1","6.1","122","-1","-1","0"
"3","125","cost","e3","12","3600","apc","6","3600","blue","decided","325","10","0","2706","0","125500","13511","6","2","117","4","7","91","3","4.5","0"
"3","124","1v1","e3","1","300","apc","1","600","red","decided","380","0","1","0","47","17500","4554","0","1","152","3","3","121","3","3","0"
"3","126","cost-spotted","e3","12","3600","apc","6","3600","blue","decided","365","10","0","2663","0","126710","14163","6","2","116","4","6.1","91","3","4.5","0"
"3","127","1v1","e3","1","300","mtnk","1","900","red","decided","470","0","1","0","550","17500","4500","0","1","197","3","3","189","3","3","0"
"3","129","cost-spotted","e3","12","3600","mtnk","4","3600","blue","decided","410","11","0","2886","0","185690","10705","4","1","147","3","6.1","145","3","4.1","0"
"3","130","1v1","e3","1","300","htnk","1","1800","red","decided","310","0","1","0","1655","7000","5283","0","1","252","3","3","244","4","4","0"
"3","128","cost","e3","12","3600","mtnk","4","3600","blue","decided","440","10","0","2793","0","187430","12100","4","2","147","3","6.1","144","3","4.1","0"
"3","133","1v1","e3","1","300","msam","1","900","blue","decided","370","1","0","25","0","14000","4125","1","0","204","5","5","187","5","5","0"
"3","131","cost","e3","12","3600","htnk","2","3600","red","decided","660","0","1","0","109","169225","58471","1","12","189","4","5.1","183","3","5","0"
"3","134","cost","e3","12","3600","msam","4","3600","blue","decided","635","1","0","1","0","59153","55026","4","11","228","5.1","6.1","133","8","11.2","0"
"3","132","cost-spotted","e3","12","3600","htnk","2","3600","red","decided","660","0","1","0","91","170100","57381","1","12","198","3","5.1","183","3","5","0"
"3","136","1v1","e3","1","300","bggy","1","300","red","decided","130","0","1","0","213","3500","4500","0","1","116","2","2","110","2","2","0"
"3","135","cost-spotted","e3","12","3600","msam","4","3600","red","decided","435","0","3","0","2660","14528","55518","1","12","399","6","6.1","114","11","14","0"
"3","138","cost-spotted","e3","12","3600","bggy","12","3600","red","decided","190","0","10","0","2607","43767","56547","2","12","87","3","6.1","80","3","5.1","0"
"3","137","cost","e3","12","3600","bggy","12","3600","red","decided","195","0","9","0","2341","57814","56074","3","12","90","4","6","80","3","5.1","0"
"3","139","1v1","e3","1","300","bike","1","500","blue","decided","290","1","0","151","0","14000","2229","1","0","121","4","4","105","4","4","0"
"3","107","cost","e2","23","3680","orca","3","3600","none","timeout","4500","5","3","428","3600","0","105292","0","18","-1","-1","-1","90","1","6.1","0"
"3","108","cost-spotted","e2","23","3680","orca","3","3600","none","timeout","4500","9","3","1387","3600","0","74381","0","14","-1","-1","-1","91","0","7","0"
"3","141","cost-spotted","e3","12","3600","bike","7","3500","blue","decided","370","10","0","2684","0","89517","14046","7","2","94","5","7","83","4","6.3","0"
"3","140","cost","e3","12","3600","bike","7","3500","blue","decided","410","10","0","2675","0","86053","14538","7","2","94","5","7","83","4","6","0"
"3","145","1v1","e3","1","300","ftnk","1","600","red","decided","175","0","1","0","522","3500","8200","0","1","171","3","3","174","-1","-1","0"
"3","143","cost","e3","12","3600","ltnk","5","3750","blue","decided","370","11","0","3032","0","171085","8514","5","1","119","3","6.1","122","3","4","0"
"3","142","1v1","e3","1","300","ltnk","1","750","red","decided","545","0","1","0","176","24500","4500","0","1","170","2","2","153","2","2","0"
"3","144","cost-spotted","e3","12","3600","ltnk","5","3750","blue","decided","370","11","0","3007","0","164910","8901","5","1","119","3","6","121","3","4","0"
"3","146","cost","e3","12","3600","ftnk","6","3600","red","decided","290","0","5","0","1810","81545","83221","1","12","123","3","6","141","-1","5.1","0"
"3","148","1v1","e3","1","300","stnk","1","900","red","decided","310","0","1","0","270","10500","4522","0","1","151","5","5","136","5","5","0"
"3","147","cost-spotted","e3","12","3600","ftnk","6","3600","red","decided","350","0","4","0","1243","108446","75187","2","12","123","3","6.1","141","3","5.1","0"
"3","151","1v1","e3","1","300","arty","1","600","red","decided","260","0","1","0","40","7000","6020","0","1","204","5","5","196","5","5","0"
"3","150","cost-spotted","e3","12","3600","stnk","4","3600","blue","decided","330","10","0","2521","0","67585","17070","4","2","125","5","6.1","104","5","6.1","0"
"3","149","cost","e3","12","3600","stnk","4","3600","blue","decided","365","10","0","2578","0","67690","15795","4","2","126","5.1","7","103","5","7","0"
"3","152","cost","e3","12","3600","arty","6","3600","red","decided","300","0","4","0","2385","21192","94990","2","12","152","-1","5.1","150","-1","10.2","0"
"3","153","cost-spotted","e3","12","3600","arty","6","3600","red","decided","345","0","6","0","3040","7000","70350","0","12","320","6","6.1","133","10","11.2","0"
"3","157","1v1","e3","1","300","orca","1","1200","blue","decided","260","1","0","72","0","10500","3424","1","0","150","4","4","128","4","4","0"
"3","155","cost","e3","12","3600","mlrs","6","3600","blue","decided","325","11","0","2442","0","117295","18300","6","1","122","4","6.1","150","-1","2.8","0"
"3","154","1v1","e3","1","300","mlrs","1","600","blue","decided","465","1","0","300","0","21000","0","1","0","170","2","4.1","-1","-1","-1","0"
"3","158","cost","e3","12","3600","orca","3","3600","blue","decided","235","11","0","3172","0","31500","6458","3","1","110","2","5.1","101","1","4.1","0"
"3","156","cost-spotted","e3","12","3600","mlrs","6","3600","blue","decided","415","8","0","1847","0","116516","27899","6","4","138","2","7","150","2.2","4","0"
"3","160","1v1","e3","1","300","heli","1","1200","red","decided","145","0","1","0","1200","0","5200","0","1","-1","-1","-1","123","3","3","0"
"3","159","cost-spotted","e3","12","3600","orca","3","3600","blue","decided","235","11","0","3196","0","31500","6310","3","1","110","2","5.1","102","1","4.1","0"
"3","161","cost","e3","12","3600","heli","3","3600","blue","decided","185","8","0","2318","0","42000","22024","3","4","109","1","5.1","96","3","4.1","0"
"3","162","cost-spotted","e3","12","3600","heli","3","3600","blue","decided","245","6","0","1782","0","40810","33446","3","6","109","1","5.1","95","3","4.1","0"
"3","166","1v1","e4","1","200","rmbo","1","1500","red","decided","155","0","1","0","1500","0","10000","0","1","-1","-1","-1","152","-1","-1","0"
"3","163","1v1","e4","1","200","e5","1","300","red","decided","345","0","1","0","7","8800","11200","0","1","212","2","2","212","2","2","0"
"3","164","cost","e4","18","3600","e5","12","3600","blue","decided","325","14","0","1941","0","118822","81676","12","4","184","2.2","4.5","155","2.2","4.1","0"
"3","165","cost-spotted","e4","18","3600","e5","12","3600","blue","decided","325","14","0","1942","0","117304","81620","12","4","184","2.2","4.5","155","2.2","4.1","0"
"3","167","cost","e4","18","3600","rmbo","2","3000","blue","decided","275","11","0","2200","0","31262","70000","2","7","173","2.2","4","107","-1","-1","0"
"3","169","1v1","e4","1","200","jeep","1","400","red","decided","170","0","1","0","300","4000","9483","0","1","122","2","2","107","2","2","0"
"3","168","cost-spotted","e4","18","3600","rmbo","2","3000","blue","decided","275","13","0","2600","0","31262","50000","2","5","206","2.2","4.1","107","-1","-1","0"
"3","170","cost","e4","18","3600","jeep","9","3600","blue","decided","370","4","0","412","0","164408","149400","9","14","98","2.2","4.1","83","2","5.1","0"
"3","171","cost-spotted","e4","18","3600","jeep","9","3600","blue","decided","395","2","0","219","0","166784","159350","9","16","98","2.2","4.1","80","2","4.5","0"
"3","172","1v1","e4","1","200","apc","1","600","red","decided","650","0","1","0","474","4000","9105","0","1","149","2","2","112","3","3","0"
"3","175","1v1","e4","1","200","mtnk","1","900","red","decided","850","0","1","0","796","5200","9070","0","1","175","3","3","170","3","3","0"
"3","178","1v1","e4","1","200","htnk","1","1800","red","decided","365","0","1","0","1775","1200","9245","0","1","241","2","2","212","2","2","0"
"3","173","cost","e4","18","3600","apc","6","3600","blue","decided","1060","13","0","1719","0","115352","85317","6","5","105","3","4.5","85","3","4.1","0"
"3","174","cost-spotted","e4","18","3600","apc","6","3600","blue","decided","1105","12","0","1668","0","115234","87248","6","6","106","3","4.1","84","3","3.6","0"
"3","181","1v1","e4","1","200","msam","1","900","blue","decided","355","1","0","181","0","12000","864","1","0","244","3","3","162","5","5","0"
"3","182","cost","e4","18","3600","msam","4","3600","blue","decided","425","15","0","2306","0","52383","58593","4","3","210","3","4","119","8.1","12.2","0"
"3","184","1v1","e4","1","200","bggy","1","300","red","decided","180","0","1","0","200","4000","9000","0","1","127","2","2","98","2","2","0"
"3","176","cost","e4","18","3600","mtnk","4","3600","blue","decided","1570","13","0","1939","0","180967","75917","4","5","139","3","4.5","128","3","4","0"
"3","179","cost","e4","18","3600","htnk","2","3600","red","decided","950","0","2","0","2356","60112","168281","0","18","177","2.2","4.1","160","2","4.1","0"
"3","177","cost-spotted","e4","18","3600","mtnk","4","3600","blue","decided","1570","13","0","1880","0","180251","78062","4","5","141","3","4.1","126","3","4","0"
"3","183","cost-spotted","e4","18","3600","msam","4","3600","blue","decided","460","14","0","1956","0","50880","74244","4","4","286","3","4.1","101","11","13.2","0"
"3","180","cost-spotted","e4","18","3600","htnk","2","3600","red","decided","950","0","2","0","2372","59332","169534","0","18","177","2.2","4.1","160","2","4.1","0"
"3","187","1v1","e4","1","200","bike","1","500","blue","decided","210","1","0","162","0","12000","1708","1","0","98","3","3","100","3","3","0"
"3","185","cost","e4","18","3600","bggy","12","3600","blue","decided","320","6","0","731","0","159448","132428","12","12","79","2.2","4.2","74","2","4.5","0"
"3","188","cost","e4","18","3600","bike","7","3500","blue","decided","315","18","0","2901","0","89882","31469","7","0","79","4.1","4.5","78","3","6","0"
"3","189","cost-spotted","e4","18","3600","bike","7","3500","blue","decided","300","18","0","2973","0","97474","28215","7","0","79","4.1","4.1","78","3","5.1","0"
"3","186","cost-spotted","e4","18","3600","bggy","12","3600","blue","decided","395","2","0","256","0","164818","154813","12","16","79","2.2","4.2","74","2","4.5","0"
"3","193","1v1","e4","1","200","ftnk","1","600","red","decided","170","0","1","0","591","400","12300","0","1","155","2","2","160","2","2","0"
"3","194","cost","e4","18","3600","ftnk","6","3600","red","decided","325","0","6","0","3225","16878","198194","0","18","117","2","4.5","127","2","5","0"
"3","195","cost-spotted","e4","18","3600","ftnk","6","3600","red","decided","330","0","6","0","3229","16696","201064","0","18","117","2","4.5","127","2","5","0"
"3","196","1v1","e4","1","200","stnk","1","900","blue","decided","340","1","0","107","0","16000","4183","1","0","174","3","3","125","4","4","0"
"3","197","cost","e4","18","3600","stnk","4","3600","blue","decided","245","18","0","3209","0","69160","17616","4","0","153","3.2","4.1","95","4","5","0"
"3","198","cost-spotted","e4","18","3600","stnk","4","3600","blue","decided","250","18","0","3276","0","70600","14576","4","0","154","3.2","4.1","96","4","5","0"
"3","190","1v1","e4","1","200","ltnk","1","750","red","decided","980","0","1","0","609","6000","9000","0","1","163","2","2","141","2","2","0"
"3","199","1v1","e4","1","200","arty","1","600","blue","decided","275","1","0","169","0","8000","1400","1","0","202","2","2","177","3","3","0"
"3","200","cost","e4","18","3600","arty","6","3600","blue","decided","450","5","0","626","0","56168","161893","6","13","155","3","4","137","6.1","10.2","0"
"3","202","1v1","e4","1","200","mlrs","1","600","blue","decided","385","1","0","200","0","20000","0","1","0","155","2","3","-1","-1","-1","0"
"3","201","cost-spotted","e4","18","3600","arty","6","3600","blue","decided","440","3","0","221","0","59998","179166","6","15","241","3","4.1","117","10","12","0"
"3","203","cost","e4","18","3600","mlrs","6","3600","blue","decided","265","11","0","1634","0","120030","101625","6","7","117","2","3","135","2","4.5","0"
"3","192","cost-spotted","e4","18","3600","ltnk","5","3750","blue","decided","1395","14","0","2214","0","161043","62898","5","4","117","2.2","4.1","109","2","4","0"
"3","191","cost","e4","18","3600","ltnk","5","3750","blue","decided","1475","14","0","2164","0","160663","64992","5","4","117","2.2","4.1","104","2","4","0"
"3","204","cost-spotted","e4","18","3600","mlrs","6","3600","blue","decided","275","12","0","1697","0","120406","93130","6","6","117","2","3.2","135","2","3.6","0"
"3","208","1v1","e4","1","200","heli","1","1200","red","decided","160","0","1","0","1200","0","10000","0","1","-1","-1","-1","116","2","2","0"
"3","211","1v1","e5","1","300","rmbo","1","1500","red","decided","155","0","1","0","1500","0","10000","0","1","-1","-1","-1","152","-1","-1","0"
"3","212","cost","e5","12","3600","rmbo","2","3000","blue","decided","290","6","0","1793","0","32004","60200","2","6","187","-1","4","107","-1","3","0"
"3","205","1v1","e4","1","200","orca","1","1200","red","decided","1025","0","1","0","1200","0","9164","0","1","-1","-1","-1","121","3","6","0"
"3","213","cost-spotted","e5","12","3600","rmbo","2","3000","blue","decided","320","6","0","1533","0","34804","68000","2","6","206","2.2","4","107","-1","3.2","0"
"3","214","1v1","e5","1","300","jeep","1","400","red","decided","175","0","1","0","250","6000","9483","0","1","117","2","2","114","2","2","0"
"3","215","cost","e5","12","3600","jeep","9","3600","red","decided","215","0","8","0","1952","69240","113889","1","12","105","2.2","4.1","80","2","4.5","0"
"3","216","cost-spotted","e5","12","3600","jeep","9","3600","red","decided","225","0","8","0","1786","75864","114489","1","12","104","2.2","4.1","80","2","5.1","0"
"3","209","cost","e4","18","3600","heli","3","3600","none","stalemate","1580","8","3","1450","3600","0","106384","0","10","-1","-1","-1","90","3","5.1","0"
"3","218","cost","e5","12","3600","apc","6","3600","blue","decided","290","11","0","3043","0","134860","16713","6","1","106","3.2","4.1","84","3","4.1","0"
"3","210","cost-spotted","e4","18","3600","heli","3","3600","none","stalemate","1580","9","3","1596","3600","0","99312","0","9","-1","-1","-1","90","3","5.4","0"
"3","217","1v1","e5","1","300","apc","1","600","blue","decided","345","1","0","167","0","24000","4005","1","0","149","2","2","112","3","3","0"
"3","219","cost-spotted","e5","12","3600","apc","6","3600","blue","decided","290","11","0","3027","0","130730","17236","6","1","105","3","4.1","85","3","4.1","0"
"3","222","cost-spotted","e5","12","3600","mtnk","4","3600","blue","decided","330","12","0","3198","0","186980","12060","4","0","140","3","4.5","127","3","4","0"
"3","221","cost","e5","12","3600","mtnk","4","3600","blue","decided","340","12","0","3230","0","192380","11097","4","0","141","3","4.5","126","3","4","0"
"3","223","1v1","e5","1","300","htnk","1","1800","red","decided","355","0","1","0","1552","12000","9314","0","1","245","2","2","206","3","3","0"
"3","220","1v1","e5","1","300","mtnk","1","900","blue","decided","630","1","0","98","0","48000","6070","1","0","175","3","3","170","3","3","0"
"3","224","cost","e5","12","3600","htnk","2","3600","blue","decided","395","10","0","2245","0","182330","41336","2","2","181","2","4.1","160","2","4.1","0"
"3","225","cost-spotted","e5","12","3600","htnk","2","3600","blue","decided","405","10","0","2092","0","182330","45969","2","2","183","2","4.1","158","2","4.1","0"
"3","226","1v1","e5","1","300","msam","1","900","blue","decided","330","1","0","274","0","12000","780","1","0","244","3","3","162","5","5","0"
"3","229","1v1","e5","1","300","bggy","1","300","red","decided","180","0","1","0","150","6000","9000","0","1","127","2","2","98","2","2","0"
"3","227","cost","e5","12","3600","msam","4","3600","blue","decided","430","10","0","2246","0","54632","40930","4","2","202","3","4.5","130","7.1","13","0"
"3","230","cost","e5","12","3600","bggy","12","3600","red","decided","220","0","8","0","1667","85080","111761","4","12","79","2","4.1","78","2","4.1","0"
"3","231","cost-spotted","e5","12","3600","bggy","12","3600","red","decided","240","0","6","0","1008","115056","111345","6","12","81","2","3.6","74","2","4.5","0"
"3","232","1v1","e5","1","300","bike","1","500","blue","decided","195","1","0","244","0","12000","1683","1","0","128","3","3","98","3","3","0"
"3","228","cost-spotted","e5","12","3600","msam","4","3600","blue","decided","520","8","0","1454","0","50695","64842","4","4","285","3","4.1","102","12","12","0"
"3","233","cost","e5","12","3600","bike","7","3500","blue","decided","275","12","0","3053","0","100836","16407","7","0","110","3","4.1","78","3","6","0"
"3","234","cost-spotted","e5","12","3600","bike","7","3500","blue","decided","275","12","0","3094","0","99756","15190","7","0","110","3","4.5","78","3","5.1","0"
"3","236","cost","e5","12","3600","ltnk","5","3750","blue","decided","290","12","0","3277","0","174535","9681","5","0","117","2.2","4.1","104","2","4","0"
"3","238","1v1","e5","1","300","ftnk","1","600","red","decided","170","0","1","0","467","6000","12300","0","1","155","2","2","160","2","2","0"
"3","235","1v1","e5","1","300","ltnk","1","750","blue","decided","490","1","0","170","0","36000","3900","1","0","163","2","2","140","2","2","0"
"3","237","cost-spotted","e5","12","3600","ltnk","5","3750","blue","decided","290","12","0","3289","0","177170","9326","5","0","117","2.2","4.1","111","2","4","0"
"3","239","cost","e5","12","3600","ftnk","6","3600","red","decided","255","0","4","0","1661","92580","122178","2","12","117","3","4.1","119","3","5.1","0"
"3","240","cost-spotted","e5","12","3600","ftnk","6","3600","red","decided","250","0","4","0","1676","91920","120658","2","12","117","3","4.1","119","3","5.1","0"
"3","242","cost","e5","12","3600","stnk","4","3600","blue","decided","255","12","0","3041","0","77640","16759","4","0","154","3.2","4.1","96","4","5.1","0"
"3","241","1v1","e5","1","300","stnk","1","900","blue","decided","305","1","0","138","0","18000","4867","1","0","174","3","3","125","4","4","0"
"3","243","cost-spotted","e5","12","3600","stnk","4","3600","blue","decided","255","12","0","3168","0","80640","12972","4","0","153","3.2","4.1","96","4","5.1","0"
"3","244","1v1","e5","1","300","arty","1","600","red","decided","245","0","1","0","120","6000","12640","0","1","203","2","2","175","3","3","0"
"3","247","1v1","e5","1","300","mlrs","1","600","red","decided","180","0","1","0","400","6000","9000","0","1","155","2","2","179","-1","-1","0"
"3","206","cost","e4","18","3600","orca","3","3600","none","timeout","4500","14","3","2566","3600","0","47324","0","4","-1","-1","-1","95","0","6","0"
"3","207","cost-spotted","e4","18","3600","orca","3","3600","none","timeout","4500","14","3","2535","3600","0","49056","0","4","-1","-1","-1","95","0","6","0"
"3","245","cost","e5","12","3600","arty","6","3600","red","decided","390","0","3","0","1267","42660","123556","3","12","166","3","4","136","6","10.2","0"
"3","246","cost-spotted","e5","12","3600","arty","6","3600","red","decided","445","0","3","0","1491","47172","137270","3","12","242","4.1","4.1","119","10","12","0"
"3","253","1v1","e5","1","300","heli","1","1200","red","decided","155","0","1","0","1200","0","10000","0","1","-1","-1","-1","116","2","2","0"
"3","248","cost","e5","12","3600","mlrs","6","3600","blue","decided","490","3","0","796","0","113856","94866","6","9","117","2","3.2","131","-1","2.2","0"
"3","249","cost-spotted","e5","12","3600","mlrs","6","3600","blue","decided","435","5","0","1290","0","115104","78048","6","7","117","2","4.1","131","-1","3.2","0"
"3","256","1v1","rmbo","1","1500","jeep","1","400","red","decided","235","0","1","0","400","0","15517","0","1","-1","-1","-1","107","1","2","0"
"3","257","cost","rmbo","2","3000","jeep","9","3600","red","decided","145","0","9","0","3600","0","30685","0","2","-1","-1","-1","100","2","3.2","0"
"3","258","cost-spotted","rmbo","2","3000","jeep","9","3600","red","decided","145","0","9","0","3600","0","31290","0","2","-1","-1","-1","100","2","3.2","0"
"3","250","1v1","e5","1","300","orca","1","1200","red","decided","1130","0","1","0","1200","0","9112","0","1","-1","-1","-1","122","3","6","0"
"3","260","cost","rmbo","2","3000","apc","6","3600","red","decided","440","0","6","0","3582","565","30134","0","2","165","1","2.2","100","3","6.1","0"
"3","254","cost","e5","12","3600","heli","3","3600","none","stalemate","1645","2","3","546","3600","0","99648","0","10","-1","-1","-1","90","3","5","0"
"3","255","cost-spotted","e5","12","3600","heli","3","3600","none","stalemate","1645","1","3","171","3600","0","113320","0","11","-1","-1","-1","92","2","5.1","0"
"3","261","cost-spotted","rmbo","2","3000","apc","6","3600","red","decided","440","0","6","0","3582","565","30165","0","2","165","1","2.2","100","3","6.1","0"
"3","259","1v1","rmbo","1","1500","apc","1","600","red","decided","1030","0","1","0","600","0","15134","0","1","-1","-1","-1","104","3","5","0"
"3","265","1v1","rmbo","1","1500","htnk","1","1800","red","decided","555","0","1","0","1800","0","15504","0","1","-1","-1","-1","183","2","5","0"
"3","263","cost","rmbo","2","3000","mtnk","4","3600","red","decided","800","0","4","0","3561","1960","30435","0","2","211","1.4","2","145","3","5.1","0"
"3","264","cost-spotted","rmbo","2","3000","mtnk","4","3600","red","decided","805","0","4","0","3579","1040","30535","0","2","212","1.4","2","145","3","5.1","0"
"3","266","cost","rmbo","2","3000","htnk","2","3600","red","decided","560","0","2","0","3518","3982","30489","0","2","222","1.4","1.4","176","3","6","0"
"3","267","cost-spotted","rmbo","2","3000","htnk","2","3600","red","decided","455","0","2","0","3512","4246","31195","0","2","245","1.4","1.4","173","3","5.1","0"
"3","262","1v1","rmbo","1","1500","mtnk","1","900","red","decided","1390","0","1","0","900","0","15245","0","1","-1","-1","-1","148","3","4","0"
"3","271","1v1","rmbo","1","1500","bggy","1","300","red","decided","230","0","1","0","300","0","15000","0","1","-1","-1","-1","92","2","2","0"
"3","272","cost","rmbo","2","3000","bggy","12","3600","red","decided","135","0","12","0","3600","0","30669","0","2","-1","-1","-1","86","2","4","0"
"3","269","cost","rmbo","2","3000","msam","4","3600","red","decided","565","0","4","0","3561","525","30117","0","2","241","1","10.8","143","5","8.1","0"
"3","270","cost-spotted","rmbo","2","3000","msam","4","3600","red","decided","545","0","4","0","3486","1525","30057","0","2","399","2","9.8","127","8","9.1","0"
"3","268","1v1","rmbo","1","1500","msam","1","900","red","decided","1040","0","1","0","900","0","15291","0","1","-1","-1","-1","146","5","5","0"
"3","273","cost-spotted","rmbo","2","3000","bggy","12","3600","red","decided","135","0","12","0","3600","0","30084","0","2","-1","-1","-1","87","2.2","3.2","0"
"3","251","cost","e5","12","3600","orca","3","3600","none","timeout","4500","8","3","1973","3600","0","49972","0","4","-1","-1","-1","95","0","6","0"
"3","252","cost-spotted","e5","12","3600","orca","3","3600","none","timeout","4500","5","3","1373","3600","0","68176","0","7","-1","-1","-1","95","0","6.3","0"
"3","275","cost","rmbo","2","3000","bike","7","3500","red","decided","530","0","7","0","3391","2387","30130","0","2","169","2.2","5.1","90","4","7.3","0"
"3","276","cost-spotted","rmbo","2","3000","bike","7","3500","red","decided","570","0","7","0","3390","2418","30262","0","2","167","5.1","5.1","89","4","7.1","0"
"3","280","1v1","rmbo","1","1500","ftnk","1","600","red","decided","225","0","1","0","600","0","16318","0","1","-1","-1","-1","147","1","1","0"
"3","281","cost","rmbo","2","3000","ftnk","6","3600","red","decided","195","0","6","0","3558","1872","33497","0","2","151","1.4","2.2","138","2","3.2","0"
"3","282","cost-spotted","rmbo","2","3000","ftnk","6","3600","red","decided","195","0","6","0","3558","1872","33497","0","2","151","1.4","2.2","138","2","3.2","0"
"3","278","cost","rmbo","2","3000","ltnk","5","3750","red","decided","725","0","5","0","3732","770","30390","0","2","202","2","2.2","123","2","4.2","0"
"3","279","cost-spotted","rmbo","2","3000","ltnk","5","3750","red","decided","740","0","5","0","3733","726","30438","0","2","202","2","2.2","123","2","4.1","0"
"3","274","1v1","rmbo","1","1500","bike","1","500","red","decided","1650","0","1","0","500","0","15220","0","1","-1","-1","-1","93","3","6","0"
"3","277","1v1","rmbo","1","1500","ltnk","1","750","red","decided","1600","0","1","0","750","0","15282","0","1","-1","-1","-1","129","2","3","0"
"3","286","1v1","rmbo","1","1500","arty","1","600","red","decided","360","0","1","0","600","0","19670","0","1","-1","-1","-1","293","3.2","3.2","0"
"3","288","cost-spotted","rmbo","2","3000","arty","6","3600","red","decided","305","0","5","0","2668","16576","40410","1","2","256","2.2","4","142","7","9.1","0"
"3","283","1v1","rmbo","1","1500","stnk","1","900","none","stalemate","1580","1","1","798","900","0","7019","0","0","-1","-1","-1","116","4","11","0"
"3","284","cost","rmbo","2","3000","stnk","4","3600","none","stalemate","1605","1","4","301","3596","60","27292","0","1","285","2.2","2.2","110","4","12.4","0"
"3","289","1v1","rmbo","1","1500","mlrs","1","600","none","stalemate","1125","1","1","1500","600","0","0","0","0","-1","-1","-1","-1","-1","-1","0"
"3","285","cost-spotted","rmbo","2","3000","stnk","4","3600","none","stalemate","1605","1","4","358","3416","3060","26660","0","1","211","1.4","2.2","109","4","12","0"
"3","287","cost","rmbo","2","3000","arty","6","3600","none","stalemate","1520","1","5","159","2686","15568","29356","1","1","207","3.2","5","153","4","7.1","0"
"3","290","cost","rmbo","2","3000","mlrs","6","3600","none","stalemate","1125","2","6","3000","3600","0","0","0","0","-1","-1","-1","-1","-1","-1","0"
"3","295","1v1","rmbo","1","1500","heli","1","1200","red","decided","190","0","1","0","1200","0","16292","0","1","-1","-1","-1","110","2","2","0"
"3","296","cost","rmbo","2","3000","heli","3","3600","red","decided","170","0","3","0","3600","0","32528","0","2","-1","-1","-1","101","3","3","0"
"3","297","cost-spotted","rmbo","2","3000","heli","3","3600","red","decided","170","0","3","0","3600","0","32736","0","2","-1","-1","-1","101","3","3","0"
"3","298","1v1","jeep","1","400","apc","1","600","red","decided","275","0","1","0","509","2885","16582","0","1","79","2","2","77","3","3","0"
"3","291","cost-spotted","rmbo","2","3000","mlrs","6","3600","none","stalemate","1290","1","6","1500","3600","0","15000","0","1","-1","-1","-1","165","-1","-1","0"
"3","299","cost","jeep","9","3600","apc","6","3600","red","decided","380","0","5","0","2925","21475","147015","1","9","59","2","4.1","58","4","5","0"
"3","301","1v1","jeep","1","400","mtnk","1","900","red","decided","260","0","1","0","854","2310","16520","0","1","100","2","2","101","2","2","0"
"3","300","cost-spotted","jeep","9","3600","apc","6","3600","red","decided","395","0","5","0","2886","22710","146976","1","9","59","2","4.1","58","4","4.2","0"
"3","304","1v1","jeep","1","400","htnk","1","1800","red","decided","140","0","1","0","1788","575","17000","0","1","114","3","3","115","3","3","0"
"3","292","1v1","rmbo","1","1500","orca","1","1200","red","decided","1820","0","1","0","1200","0","15036","0","1","-1","-1","-1","115","3","6","0"
"3","302","cost","jeep","9","3600","mtnk","4","3600","red","decided","455","0","4","0","3123","23830","154344","0","9","79","2","4.1","81","2","4.1","0"
"3","303","cost-spotted","jeep","9","3600","mtnk","4","3600","red","decided","445","0","4","0","3140","23015","155256","0","9","78","2","4.1","76","2","4.5","0"
"3","305","cost","jeep","9","3600","htnk","2","3600","red","decided","340","0","2","0","3320","13516","163780","0","9","86","2","4.1","85","2","4.1","0"
"3","307","1v1","jeep","1","400","msam","1","900","blue","decided","205","1","0","366","0","12075","1375","1","0","105","3","3.2","102","3","3","0"
"3","306","cost-spotted","jeep","9","3600","htnk","2","3600","red","decided","315","0","2","0","3317","13670","158831","0","9","91","2","4","91","2","4.2","0"
"3","308","cost","jeep","9","3600","msam","4","3600","blue","decided","295","3","0","746","0","48266","117132","4","6","79","3","4","83","9","12","0"
"3","310","1v1","jeep","1","400","bggy","1","300","blue","decided","175","1","0","137","0","12075","10524","1","0","72","2","2","68","2","2","0"
"3","309","cost-spotted","jeep","9","3600","msam","4","3600","blue","decided","255","6","0","1308","0","49781","95558","4","3","93","3","4.5","71","10","13","0"
"3","311","cost","jeep","9","3600","bggy","12","3600","red","decided","275","0","7","0","1168","99156","146624","5","9","58","2","4","54","2","4.2","0"
"3","313","1v1","jeep","1","400","bike","1","500","blue","decided","170","1","0","90","0","11270","12400","1","0","72","3","3","74","3","3","0"
"3","312","cost-spotted","jeep","9","3600","bggy","12","3600","red","decided","285","0","6","0","1151","99161","147131","6","9","56","2","4","56","2","4.1","0"
"3","314","cost","jeep","9","3600","bike","7","3500","blue","decided","255","6","0","1932","0","79381","71373","7","3","51","3","4.1","62","3","6","0"
"3","315","cost-spotted","jeep","9","3600","bike","7","3500","blue","decided","245","6","0","2116","0","79583","65706","7","3","55","3","4.1","57","3","6.1","0"
"3","316","1v1","jeep","1","400","ltnk","1","750","red","decided","275","0","1","0","682","2885","17500","0","1","86","2","2","92","2","2","0"
"3","293","cost","rmbo","2","3000","orca","3","3600","red","decided","2740","0","3","0","3600","0","30336","0","2","-1","-1","-1","107","0","6","0"
"3","319","1v1","jeep","1","400","ftnk","1","600","red","decided","180","0","1","0","568","1430","22500","0","1","99","1","1","102","1","1","0"
"3","317","cost","jeep","9","3600","ltnk","5","3750","red","decided","445","0","5","0","3147","25730","155948","0","9","66","2","4.1","69","2","4","0"
"3","318","cost-spotted","jeep","9","3600","ltnk","5","3750","red","decided","450","0","5","0","3149","25636","157411","0","9","72","2","4.1","70","2","4","0"
"3","294","cost-spotted","rmbo","2","3000","orca","3","3600","red","decided","2940","0","3","0","3600","0","30320","0","2","-1","-1","-1","106","0","6","0"
"3","320","cost","jeep","9","3600","ftnk","6","3600","red","decided","270","0","6","0","3286","14133","169635","0","9","72","2","4","82","2","4.2","0"
"3","321","cost-spotted","jeep","9","3600","ftnk","6","3600","red","decided","235","0","6","0","3374","10164","164700","0","9","72","2","4.1","82","2","4.1","0"
"3","322","1v1","jeep","1","400","stnk","1","900","red","decided","170","0","1","0","369","8855","18000","0","1","86","3","3","85","3","3","0"
"3","323","cost","jeep","9","3600","stnk","4","3600","blue","decided","240","6","0","2034","0","60903","72492","4","3","72","3","4.1","66","3","6.3","0"
"3","325","1v1","jeep","1","400","arty","1","600","blue","decided","160","1","0","394","0","8050","224","1","0","100","2","2","160","-1","-1","0"
"3","324","cost-spotted","jeep","9","3600","stnk","4","3600","blue","decided","240","7","0","2442","0","61180","53652","4","2","72","3","4","66","3","6","0"
"3","327","cost-spotted","jeep","9","3600","arty","6","3600","blue","decided","315","5","0","1339","0","49048","114868","6","4","86","3","4","86","7","12","0"
"3","328","1v1","jeep","1","400","mlrs","1","600","blue","decided","295","1","0","400","0","18515","0","1","0","93","2","4","-1","-1","-1","0"
"3","329","cost","jeep","9","3600","mlrs","6","3600","blue","decided","245","9","0","3315","0","111023","11408","6","0","70","2","6","96","1","4.1","0"
"3","330","cost-spotted","jeep","9","3600","mlrs","6","3600","blue","decided","250","9","0","3267","0","111878","13312","6","0","72","2","4.1","97","2","3.6","0"
"3","326","cost","jeep","9","3600","arty","6","3600","blue","decided","450","2","0","450","0","47905","137736","6","7","79","3","4","88","3","11","0"
"3","331","1v1","jeep","1","400","orca","1","1200","red","decided","300","0","1","0","1200","0","16436","0","1","-1","-1","-1","89","2","5","0"
"3","334","1v1","jeep","1","400","heli","1","1200","red","decided","185","0","1","0","1200","0","16500","0","1","-1","-1","-1","84","3","3","0"
"3","337","1v1","apc","1","600","mtnk","1","900","red","decided","265","0","1","0","805","4750","20000","0","1","102","3","3","105","3","3","0"
"3","338","cost","apc","6","3600","mtnk","4","3600","red","decided","400","0","4","0","2990","30517","121640","0","6","77","3","5.1","82","3","4.1","0"
"3","339","cost-spotted","apc","6","3600","mtnk","4","3600","red","decided","400","0","4","0","2985","30730","121640","0","6","76","3","5.1","80","3","4.1","0"
"3","340","1v1","apc","1","600","htnk","1","1800","red","decided","180","0","1","0","1759","2000","20400","0","1","117","3","3","124","3","3","0"
"3","336","cost-spotted","jeep","9","3600","heli","3","3600","red","decided","915","0","3","0","3600","0","150072","0","9","-1","-1","-1","65","2","5","0"
"3","335","cost","jeep","9","3600","heli","3","3600","red","decided","990","0","3","0","3600","0","151008","0","9","-1","-1","-1","65","2","5","0"
"3","332","cost","jeep","9","3600","orca","3","3600","red","decided","1190","0","3","0","3600","0","156476","0","9","-1","-1","-1","71","0","7.1","0"
"3","333","cost-spotted","jeep","9","3600","orca","3","3600","red","decided","1190","0","3","0","3600","0","154952","0","9","-1","-1","-1","70","1","6","0"
"3","343","1v1","apc","1","600","msam","1","900","blue","decided","235","1","0","162","0","12000","13884","1","0","102","4","4","112","3","3.2","0"
"3","341","cost","apc","6","3600","htnk","2","3600","red","decided","345","0","2","0","3236","17596","127336","0","6","87","3","4.1","94","3","4.1","0"
"3","342","cost-spotted","apc","6","3600","htnk","2","3600","red","decided","345","0","2","0","3202","19255","126644","0","6","86","3","4.1","93","3","4.5","0"
"3","344","cost","apc","6","3600","msam","4","3600","blue","decided","280","3","0","1211","0","49392","76312","4","3","76","4","4.1","86","9","11","0"
"3","346","1v1","apc","1","600","bggy","1","300","blue","decided","210","1","0","540","0","12000","1900","1","0","73","3","3","74","3","3","0"
"3","345","cost-spotted","apc","6","3600","msam","4","3600","blue","decided","285","3","0","1220","0","48829","77374","4","3","84","4","4.1","79","9","14","0"
"3","349","1v1","apc","1","600","bike","1","500","blue","decided","205","1","0","208","0","11265","12400","1","0","70","3.2","3.2","86","3.2","3.2","0"
"3","347","cost","apc","6","3600","bggy","12","3600","blue","decided","345","6","0","2850","0","147757","23760","12","0","53","3","5","56","3","4.1","0"
"3","348","cost-spotted","apc","6","3600","bggy","12","3600","blue","decided","360","6","0","2805","0","148059","25160","12","0","53","3","5","56","3","4.5","0"
"3","350","cost","apc","6","3600","bike","7","3500","blue","decided","325","3","0","1087","0","79446","87953","7","3","52","3","5.1","62","3","5.4","0"
"3","351","cost-spotted","apc","6","3600","bike","7","3500","blue","decided","320","3","0","1169","0","79932","85428","7","3","52","3","5","62","3","5.4","0"
"3","352","1v1","apc","1","600","ltnk","1","750","red","decided","345","0","1","0","582","7157","19800","0","1","90","3","3","101","2","2","0"
"3","353","cost","apc","6","3600","ltnk","5","3750","red","decided","435","0","5","0","2936","34746","120736","0","6","67","3","5.1","73","3","4.1","0"
"3","358","1v1","apc","1","600","stnk","1","900","red","decided","180","0","1","0","405","8250","21600","0","1","84","4","4","89","3","3","0"
"3","354","cost-spotted","apc","6","3600","ltnk","5","3750","red","decided","435","0","5","0","2904","36095","120604","0","6","68","3","5.1","73","3","4.1","0"
"3","355","1v1","apc","1","600","ftnk","1","600","red","decided","485","0","1","0","356","10960","19800","0","1","93","3","3","108","3","3","0"
"3","356","cost","apc","6","3600","ftnk","6","3600","red","decided","515","0","5","0","2117","66896","118286","1","6","70","3","5","85","3","4.5","0"
"3","357","cost-spotted","apc","6","3600","ftnk","6","3600","red","decided","490","0","5","0","2144","65711","118178","1","6","70","3","5","85","3","4.1","0"
"3","359","cost","apc","6","3600","stnk","4","3600","blue","decided","295","3","0","1753","0","60185","67330","4","3","68","4","4.1","69","4","5.4","0"
"3","361","1v1","apc","1","600","arty","1","600","blue","decided","180","1","0","569","0","7500","975","1","0","102","4","4","119","3","3","0"
"3","360","cost-spotted","apc","6","3600","stnk","4","3600","blue","decided","275","3","0","1776","0","60000","66548","4","3","61","4","5.1","71","3","5.4","0"
"3","362","cost","apc","6","3600","arty","6","3600","blue","decided","285","3","0","1338","0","47960","73865","6","3","77","4","5","93","6","10","0"
"3","363","cost-spotted","apc","6","3600","arty","6","3600","blue","decided","260","4","0","1072","0","47409","85030","6","2","92","4","5","91","10","12","0"
"3","367","1v1","apc","1","600","orca","1","1200","blue","decided","145","1","0","335","0","10000","8400","1","0","82","5","5","100","5","5","0"
"3","365","cost","apc","6","3600","mlrs","6","3600","blue","decided","320","6","0","3484","0","108756","3684","6","0","70","3","5.7","108","1","4.1","0"
"3","368","cost","apc","6","3600","orca","3","3600","blue","decided","140","5","0","2990","0","30311","21020","3","1","59","5","7","78","2","5","0"
"3","366","cost-spotted","apc","6","3600","mlrs","6","3600","blue","decided","325","6","0","3468","0","109742","4187","6","0","70","3","6","109","2","3.6","0"
"3","364","1v1","apc","1","600","mlrs","1","600","blue","decided","350","1","0","600","0","18435","0","1","0","93","3","5.1","-1","-1","-1","0"
"3","369","cost-spotted","apc","6","3600","orca","3","3600","blue","decided","140","5","0","2990","0","31236","21020","3","1","63","4","7","78","2","5","0"
"3","370","1v1","apc","1","600","heli","1","1200","blue","decided","165","1","0","474","0","12500","4000","1","0","82","5","5","90","4","4","0"
"3","371","cost","apc","6","3600","heli","3","3600","blue","decided","145","6","0","3164","0","38050","13800","3","0","64","4","7.1","69","3","4","0"
"3","372","cost-spotted","apc","6","3600","heli","3","3600","blue","decided","150","6","0","3164","0","37900","13800","3","0","66","4","7","68","3","4","0"
"3","373","1v1","mtnk","1","900","htnk","1","1800","red","decided","335","0","1","0","1386","20000","45200","0","1","176","3","3","182","3","3","0"
"3","376","1v1","mtnk","1","900","msam","1","900","blue","decided","240","1","0","839","0","12000","3072","1","0","160","3","3.2","145","4","4","0"
"3","377","cost","mtnk","4","3600","msam","4","3600","blue","decided","290","4","0","1908","0","48624","84578","4","0","129","3","4","128","9","12","0"
"3","378","cost-spotted","mtnk","4","3600","msam","4","3600","blue","decided","310","4","0","1509","0","49763","104574","4","0","157","3","4.1","112","11","12","0"
"3","374","cost","mtnk","4","3600","htnk","2","3600","red","decided","510","0","2","0","2093","72840","184538","0","4","156","3","4.1","155","3","4.1","0"
"3","379","1v1","mtnk","1","900","bggy","1","300","blue","decided","210","1","0","870","0","12600","1510","1","0","90","2","2","92","2","2","0"
"3","375","cost-spotted","mtnk","4","3600","htnk","2","3600","red","decided","550","0","1","0","1694","93120","183352","1","4","154","3","4.1","151","3","4.1","0"
"3","382","1v1","mtnk","1","900","bike","1","500","blue","decided","165","1","0","714","0","12000","9300","1","0","86","3","3","92","3","3","0"
"3","380","cost","mtnk","4","3600","bggy","12","3600","blue","decided","445","4","0","3015","0","159792","29270","12","0","76","2","4","75","2","4.5","0"
"3","383","cost","mtnk","4","3600","bike","7","3500","blue","decided","375","3","0","1558","0","91584","103602","7","1","76","3","4.1","80","3","6","0"
"3","381","cost-spotted","mtnk","4","3600","bggy","12","3600","blue","decided","470","4","0","2979","0","160600","31070","12","0","76","2","4","80","2","4.5","0"
"3","384","cost-spotted","mtnk","4","3600","bike","7","3500","blue","decided","365","3","0","1677","0","87368","97668","7","1","73","3","4.1","80","3","6.1","0"
"3","385","1v1","mtnk","1","900","ltnk","1","750","blue","decided","405","1","0","460","0","32000","22010","1","0","125","2","2","130","2","2","0"
"3","386","cost","mtnk","4","3600","ltnk","5","3750","blue","decided","575","3","0","1634","0","161310","99510","5","1","104","2","4","111","2","4","0"
"3","391","1v1","mtnk","1","900","stnk","1","900","blue","decided","240","1","0","468","0","16000","21600","1","0","117","3","3","114","3","3","0"
"3","388","1v1","mtnk","1","900","ftnk","1","600","blue","decided","375","1","0","604","0","27360","14785","1","0","134","2.2","2.2","150","2.2","2.2","0"
"3","387","cost-spotted","mtnk","4","3600","ltnk","5","3750","blue","decided","575","3","0","1678","0","161270","97310","5","1","104","2","4","109","2","4","0"
"3","389","cost","mtnk","4","3600","ftnk","6","3600","blue","decided","445","4","0","1745","0","173220","92757","6","0","115","3","4","119","3","4.5","0"
"3","390","cost-spotted","mtnk","4","3600","ftnk","6","3600","blue","decided","435","4","0","1793","0","173075","90345","6","0","114","3","4","119","3","5","0"
"3","394","1v1","mtnk","1","900","arty","1","600","blue","decided","185","1","0","860","0","8000","2025","1","0","147","3","3","159","3","3","0"
"3","393","cost-spotted","mtnk","4","3600","stnk","4","3600","blue","decided","325","3","0","1928","0","64000","87222","4","1","103","3","4","99","4","6.1","0"
"3","392","cost","mtnk","4","3600","stnk","4","3600","blue","decided","370","2","0","1681","0","64000","104288","4","2","117","3","4","97","5","6.1","0"
"3","395","cost","mtnk","4","3600","arty","6","3600","blue","decided","320","4","0","1895","0","54744","85270","6","0","131","3","4","134","5","12","0"
"3","396","cost-spotted","mtnk","4","3600","arty","6","3600","blue","decided","350","4","0","1608","0","59944","99595","6","0","172","3","3.2","126","11","11","0"
"3","398","cost","mtnk","4","3600","mlrs","6","3600","blue","decided","605","4","0","3556","0","115216","2180","6","0","115","2","6.1","153","-1","2","0"
"3","399","cost-spotted","mtnk","4","3600","mlrs","6","3600","blue","decided","490","4","0","3565","0","120088","1770","6","0","114","2","6.1","152","-1","2","0"
"3","400","1v1","mtnk","1","900","orca","1","1200","red","decided","930","0","1","0","1200","0","46200","0","1","-1","-1","-1","113","4","5","0"
"3","397","1v1","mtnk","1","900","mlrs","1","600","none","stalemate","1335","1","1","900","200","12000","0","0","0","129","3","4.1","-1","-1","-1","0"
"3","406","1v1","htnk","1","1800","msam","1","900","blue","decided","210","1","0","1657","0","12500","6912","1","0","198","4","4","174","5","5","0"
"3","407","cost","htnk","2","3600","msam","4","3600","blue","decided","345","2","0","1806","0","51953","86724","4","0","200","4","5","161","9","10","0"
"3","408","cost-spotted","htnk","2","3600","msam","4","3600","blue","decided","370","2","0","1599","0","57405","96716","4","0","245","3","5","142","10","11","0"
"3","409","1v1","htnk","1","1800","bggy","1","300","blue","decided","130","1","0","1792","0","15360","410","1","0","109","2","2","111","2","2","0"
"3","410","cost","htnk","2","3600","bggy","12","3600","blue","decided","345","2","0","3253","0","166066","16753","12","0","94","2","4.2","98","2","4.5","0"
"3","411","cost-spotted","htnk","2","3600","bggy","12","3600","blue","decided","365","2","0","3241","0","168775","17334","12","0","100","2","4.2","98","2","4.5","0"
"3","412","1v1","htnk","1","1800","bike","1","500","blue","decided","115","1","0","1672","0","12500","6200","1","0","106","4","4","102","4","4","0"
"3","401","cost","mtnk","4","3600","orca","3","3600","red","decided","3225","0","3","0","3600","0","185690","0","4","-1","-1","-1","97","1","7","0"
"3","402","cost-spotted","mtnk","4","3600","orca","3","3600","red","decided","3225","0","3","0","3600","0","185923","0","4","-1","-1","-1","97","1","7","0"
"3","403","1v1","mtnk","1","900","heli","1","1200","red","decided","2910","0","1","0","1200","0","45000","0","1","-1","-1","-1","108","3","4","0"
"3","413","cost","htnk","2","3600","bike","7","3500","blue","decided","250","2","0","2373","0","86293","59320","7","0","89","4","5.4","98","-1","5","0"
"3","414","cost-spotted","htnk","2","3600","bike","7","3500","blue","decided","255","2","0","2317","0","94279","62010","7","0","90","3","5.4","97","3","5","0"
"3","415","1v1","htnk","1","1800","ltnk","1","750","blue","decided","250","1","0","1618","0","32800","8810","1","0","145","2","2","151","2","2","0"
"3","418","1v1","htnk","1","1800","ftnk","1","600","blue","decided","245","1","0","1668","0","28800","6360","1","0","152","3","3","171","2","2","0"
"3","416","cost","htnk","2","3600","ltnk","5","3750","blue","decided","470","2","0","2232","0","166002","66142","5","0","138","2","4.1","141","2","4","0"
"3","419","cost","htnk","2","3600","ftnk","6","3600","blue","decided","405","2","0","2691","0","172441","43950","6","0","148","2","4","160","2","4","0"
"3","417","cost-spotted","htnk","2","3600","ltnk","5","3750","blue","decided","470","2","0","2278","0","167278","63920","5","0","138","2","4.1","143","2","4","0"
"3","421","1v1","htnk","1","1800","stnk","1","900","blue","decided","185","1","0","1577","0","17000","10800","1","0","160","3.2","3.2","135","4.1","4.1","0"
"3","420","cost-spotted","htnk","2","3600","ftnk","6","3600","blue","decided","405","2","0","2753","0","170925","40960","6","0","150","2","4","160","2","4","0"
"3","424","1v1","htnk","1","1800","arty","1","600","blue","decided","205","1","0","1778","0","8000","1050","1","0","194","4","4","183","4","4","0"
"3","423","cost-spotted","htnk","2","3600","stnk","4","3600","blue","decided","280","2","0","2148","0","73295","70200","4","0","130","4","5","125","4","5","0"
"3","422","cost","htnk","2","3600","stnk","4","3600","blue","decided","295","2","0","2036","0","69660","75600","4","0","155","4","5.1","122","5","5","0"
"3","427","1v1","htnk","1","1800","mlrs","1","600","blue","decided","210","1","0","1798","0","21000","110","1","0","162","2.2","2.2","208","-1","-1","0"
"3","425","cost","htnk","2","3600","arty","6","3600","blue","decided","365","2","0","1680","0","51823","92785","6","0","172","4","5","178","5","10","0"
"3","426","cost-spotted","htnk","2","3600","arty","6","3600","blue","decided","370","2","0","1634","0","54573","95030","6","0","244","4","4.1","157","9","10","0"
"3","428","cost","htnk","2","3600","mlrs","6","3600","blue","decided","400","2","0","3564","0","121906","1732","6","0","148","2","5","163","-1","1","0"
"3","404","cost","mtnk","4","3600","heli","3","3600","none","timeout","4500","2","3","1293","3600","0","115580","0","2","-1","-1","-1","91","2","5","0"
"3","430","1v1","htnk","1","1800","orca","1","1200","blue","decided","190","1","0","1539","0","13500","12600","1","0","129","3","3","126","3","3","0"
"3","429","cost-spotted","htnk","2","3600","mlrs","6","3600","blue","decided","360","2","0","3558","0","123355","2010","6","0","146","2","4.5","162","-1","1","0"
"3","431","cost","htnk","2","3600","orca","3","3600","blue","decided","255","2","0","2824","0","40950","37507","3","0","115","2","6","118","1","6","0"
"3","432","cost-spotted","htnk","2","3600","orca","3","3600","blue","decided","260","2","0","2841","0","40860","36709","3","0","116","2","6","117","1","6","0"
"3","433","1v1","htnk","1","1800","heli","1","1200","blue","decided","190","1","0","1717","0","13500","4000","1","0","128","3","3","119","3","3","0"
"3","436","1v1","msam","1","900","bggy","1","300","blue","decided","100","1","0","795","0","13600","1400","1","0","97","3","3","92","3","3","0"
"3","434","cost","htnk","2","3600","heli","3","3600","blue","decided","255","2","0","3162","0","40905","21166","3","0","117","2","5","111","3","4","0"
"3","435","cost-spotted","htnk","2","3600","heli","3","3600","blue","decided","260","2","0","3163","0","41310","21122","3","0","118","2","5","109","3","4","0"
"3","439","1v1","msam","1","900","bike","1","500","blue","decided","90","1","0","900","0","12025","0","1","0","88","5","5","-1","-1","-1","0"
"3","405","cost-spotted","mtnk","4","3600","heli","3","3600","none","timeout","4500","2","3","1661","3600","0","97170","0","2","-1","-1","-1","92","2","4.1","0"
"3","437","cost","msam","4","3600","bggy","12","3600","blue","decided","290","2","0","1313","0","153080","31134","12","2","84","3","12","80","3","4","0"
"3","438","cost-spotted","msam","4","3600","bggy","12","3600","red","decided","260","0","3","0","599","123553","49018","9","4","78","5","13","86","3","4","0"
"3","440","cost","msam","4","3600","bike","7","3500","blue","decided","285","2","0","1568","0","84555","28027","7","2","82","6","12","83","4","5.1","0"
"3","441","cost-spotted","msam","4","3600","bike","7","3500","blue","decided","190","3","0","2167","0","83986","19512","7","1","76","5","12","88","-1","5.1","0"
"3","442","1v1","msam","1","900","ltnk","1","750","red","decided","265","0","1","0","710","1704","12500","0","1","131","3.2","3.2","142","2.2","2.8","0"
"3","445","1v1","msam","1","900","ftnk","1","600","red","decided","165","0","1","0","553","2112","15000","0","1","130","4","4","152","3","3","0"
"3","443","cost","msam","4","3600","ltnk","5","3750","red","decided","285","0","5","0","1483","96718","51016","0","4","105","4","12","123","3","4.1","0"
"3","444","cost-spotted","msam","4","3600","ltnk","5","3750","red","decided","305","0","4","0","1920","78414","51822","1","4","97","6","12","129","3","4.1","0"
"3","448","1v1","msam","1","900","stnk","1","900","blue","decided","120","1","0","450","0","15000","6000","1","0","114","5","5","120","-1","-1","0"
"3","447","cost-spotted","msam","4","3600","ftnk","6","3600","red","decided","255","0","5","0","1493","95093","58788","1","4","101","6","13","152","3","4.1","0"
"3","450","cost-spotted","msam","4","3600","stnk","4","3600","blue","decided","115","4","0","3150","0","61700","6000","4","0","87","6","9","112","5","5","0"
"3","446","cost","msam","4","3600","ftnk","6","3600","red","decided","340","0","4","0","1353","102211","61608","2","4","115","3","13","129","-1","3.6","0"
"3","449","cost","msam","4","3600","stnk","4","3600","blue","decided","225","2","0","1800","0","64775","24372","4","2","100","7","12","103","-1","6","0"
"3","451","1v1","msam","1","900","arty","1","600","blue","decided","150","1","0","900","0","8775","0","1","0","145","5","5","-1","-1","-1","0"
"3","453","cost-spotted","msam","4","3600","arty","6","3600","blue","decided","235","2","0","1430","0","48713","34856","6","2","111","9","13","128","-1","-1","0"
"3","457","1v1","msam","1","900","orca","1","1200","red","decided","155","0","1","0","1200","0","14000","0","1","-1","-1","-1","113","4","4","0"
"3","452","cost","msam","4","3600","arty","6","3600","blue","decided","360","1","0","26","0","48254","77112","6","3","128","7","11","136","-1","12","0"
"3","454","1v1","msam","1","900","mlrs","1","600","blue","decided","365","1","0","900","0","19550","0","1","0","131","4","5.1","-1","-1","-1","0"
"3","455","cost","msam","4","3600","mlrs","6","3600","blue","decided","350","4","0","2483","0","112751","14892","6","0","115","3","13","201","3.6","7.8","0"
"3","456","cost-spotted","msam","4","3600","mlrs","6","3600","blue","decided","360","4","0","3166","0","110704","5791","6","0","101","6","13","210","1.4","7.2","0"
"3","458","cost","msam","4","3600","orca","3","3600","red","decided","210","0","3","0","3600","0","56192","0","4","-1","-1","-1","97","1","4","0"
"3","460","1v1","msam","1","900","heli","1","1200","red","decided","170","0","1","0","1200","0","12000","0","1","-1","-1","-1","108","3","3","0"
"3","459","cost-spotted","msam","4","3600","orca","3","3600","red","decided","210","0","3","0","3600","0","54328","0","4","-1","-1","-1","97","1","4","0"
"3","463","1v1","bggy","1","300","bike","1","500","red","decided","150","0","1","0","150","7700","12400","0","1","68","3","3","68","3","3","0"
"3","461","cost","msam","4","3600","heli","3","3600","red","decided","215","0","3","0","3600","0","48024","0","4","-1","-1","-1","94","2","3","0"
"3","462","cost-spotted","msam","4","3600","heli","3","3600","red","decided","215","0","3","0","3600","0","48000","0","4","-1","-1","-1","92","2","3","0"
"3","464","cost","bggy","12","3600","bike","7","3500","blue","decided","240","8","0","2014","0","78884","67863","7","4","50","3","4.1","57","3","6.1","0"
"3","466","1v1","bggy","1","300","ltnk","1","750","red","decided","205","0","1","0","715","1510","12500","0","1","86","2","2","83","2","2","0"
"3","465","cost-spotted","bggy","12","3600","bike","7","3500","blue","decided","245","8","0","2203","0","78973","61616","7","4","50","3","4.1","57","3","6","0"
"3","469","1v1","bggy","1","300","ftnk","1","600","red","decided","105","0","1","0","591","410","15000","0","1","86","2","2","94","2","2","0"
"3","472","1v1","bggy","1","300","stnk","1","900","red","decided","90","0","1","0","816","1400","12000","0","1","80","3","3","78","3","3","0"
"3","473","cost","bggy","12","3600","stnk","4","3600","blue","decided","230","10","0","2634","0","61775","40584","4","2","62","3","5.1","62","3","6","0"
"3","468","cost-spotted","bggy","12","3600","ltnk","5","3750","red","decided","445","0","5","0","3164","25000","157784","0","12","68","2","4.2","63","2","4","0"
"3","467","cost","bggy","12","3600","ltnk","5","3750","red","decided","455","0","5","0","3140","26023","158620","0","12","68","2","4.1","63","2","4","0"
"3","470","cost","bggy","12","3600","ftnk","6","3600","red","decided","415","0","6","0","3267","14980","187011","0","12","68","2","4","71","2","4.1","0"
"3","474","cost-spotted","bggy","12","3600","stnk","4","3600","blue","decided","245","8","0","2044","0","61600","64872","4","4","61","3","4","62","3","5.1","0"
"3","471","cost-spotted","bggy","12","3600","ftnk","6","3600","red","decided","445","0","6","0","3282","14331","190179","0","12","68","2","4","71","2","4.1","0"
"3","475","1v1","bggy","1","300","arty","1","600","blue","decided","175","1","0","213","0","7700","3472","1","0","91","3","3","102","2.2","2.2","0"
"3","477","cost-spotted","bggy","12","3600","arty","6","3600","blue","decided","320","5","0","1256","0","46713","99080","6","7","80","3","4","85","9","11.2","0"
"3","479","cost","bggy","12","3600","mlrs","6","3600","blue","decided","240","12","0","3301","0","109529","11953","6","0","62","2","4.1","85","2","3.6","0"
"3","478","1v1","bggy","1","300","mlrs","1","600","blue","decided","290","1","0","300","0","18200","0","1","0","86","2","4","-1","-1","-1","0"
"3","480","cost-spotted","bggy","12","3600","mlrs","6","3600","blue","decided","255","12","0","3371","0","109368","9163","6","0","68","1","4.5","85","2","3.2","0"
"3","481","1v1","bggy","1","300","orca","1","1200","red","decided","280","0","1","0","1200","0","14784","0","1","-1","-1","-1","83","3","3","0"
"3","484","1v1","bggy","1","300","heli","1","1200","red","decided","140","0","1","0","1200","0","12000","0","1","-1","-1","-1","80","2","2","0"
"3","476","cost","bggy","12","3600","arty","6","3600","red","decided","710","0","2","0","705","36984","201752","4","12","74","2","5.1","86","2","10","0"
"3","487","1v1","bike","1","500","ltnk","1","750","red","decided","205","0","1","0","459","12400","12500","0","1","84","3","3","83","3","3","0"
"3","482","cost","bggy","12","3600","orca","3","3600","red","decided","880","0","3","0","3600","0","156624","0","12","-1","-1","-1","66","1","5","0"
"3","489","cost-spotted","bike","7","3500","ltnk","5","3750","red","decided","360","0","3","0","1530","96881","89704","2","7","69","3","6","63","3","4","0"
"3","488","cost","bike","7","3500","ltnk","5","3750","red","decided","520","0","2","0","1106","117890","84772","3","7","68","3","6.1","61","3","4","0"
"3","486","cost-spotted","bggy","12","3600","heli","3","3600","red","decided","775","0","3","0","3600","0","148434","0","12","-1","-1","-1","62","1","5.1","0"
"3","485","cost","bggy","12","3600","heli","3","3600","red","decided","910","0","3","0","3600","0","148728","0","12","-1","-1","-1","63","1","5","0"
"3","490","1v1","bike","1","500","ftnk","1","600","red","decided","110","0","1","0","462","6200","15000","0","1","86","3","3","97","3","3","0"
"3","493","1v1","bike","1","500","stnk","1","900","red","decided","90","0","1","0","714","3100","12000","0","1","88","5","5","79","5","5","0"
"3","483","cost-spotted","bggy","12","3600","orca","3","3600","red","decided","1085","0","3","0","3600","0","164876","0","12","-1","-1","-1","66","1","6.1","0"
"3","491","cost","bike","7","3500","ftnk","6","3600","red","decided","275","0","4","0","1596","93577","101582","2","7","67","3","5.1","85","4","4.1","0"
"3","496","1v1","bike","1","500","arty","1","600","red","decided","95","0","1","0","600","0","11200","0","1","-1","-1","-1","94","-1","-1","0"
"3","492","cost-spotted","bike","7","3500","ftnk","6","3600","red","decided","305","0","4","0","1837","81236","95275","2","7","68","3","5.1","74","3","4.1","0"
"3","494","cost","bike","7","3500","stnk","4","3600","blue","decided","385","2","0","886","0","62341","66264","4","5","67","4","6.1","67","5","7.1","0"
"3","497","cost","bike","7","3500","arty","6","3600","red","decided","320","0","3","0","1746","28668","102232","3","7","78","-1","5.1","75","-1","10","0"
"3","495","cost-spotted","bike","7","3500","stnk","4","3600","red","decided","405","0","2","0","1038","43734","89580","2","7","72","5","6.1","63","5","7","0"
"3","498","cost-spotted","bike","7","3500","arty","6","3600","red","decided","275","0","5","0","2519","15312","96096","1","7","83","5","6","81","8","12","0"
"3","499","1v1","bike","1","500","mlrs","1","600","blue","decided","325","1","0","500","0","18600","0","1","0","86","3","6","-1","-1","-1","0"
"3","500","cost","bike","7","3500","mlrs","6","3600","blue","decided","310","7","0","3050","0","115271","9892","6","0","68","2","6","88","-1","3","0"
"3","502","1v1","bike","1","500","orca","1","1200","red","decided","120","0","1","0","456","6200","11200","0","1","89","4","4","84","4","4","0"
"3","503","cost","bike","7","3500","orca","3","3600","blue","decided","180","5","0","1984","0","37200","33808","3","2","65","2","5","67","2","5","0"
"3","504","cost-spotted","bike","7","3500","orca","3","3600","blue","decided","170","5","0","2011","0","36301","33216","3","2","65","2","5.1","68","1","5","0"
"3","505","1v1","bike","1","500","heli","1","1200","red","decided","135","0","1","0","605","6200","12000","0","1","91","4","4","73","4","4","0"
"3","506","cost","bike","7","3500","heli","3","3600","blue","decided","175","5","0","2133","0","44392","32120","3","2","65","2","5.1","57","3","4","0"
"3","501","cost-spotted","bike","7","3500","mlrs","6","3600","blue","decided","390","7","0","3162","0","116119","7438","6","0","68","2","6.1","88","-1","2.2","0"
"3","507","cost-spotted","bike","7","3500","heli","3","3600","blue","decided","175","5","0","2130","0","43431","31308","3","2","66","2","5.4","58","3","4","0"
"3","511","1v1","ltnk","1","750","stnk","1","900","blue","decided","260","1","0","117","0","15000","27000","1","0","110","3","3","99","4","4","0"
"3","508","1v1","ltnk","1","750","ftnk","1","600","blue","decided","475","1","0","276","0","28600","20238","1","0","113","2","2","118","2","2","0"
"3","512","cost","ltnk","5","3750","stnk","4","3600","blue","decided","345","2","0","1491","0","60000","98846","4","3","91","3","4","82","3","5.1","0"
"3","513","cost-spotted","ltnk","5","3750","stnk","4","3600","blue","decided","345","2","0","1497","0","60000","99466","4","3","92","3","4","82","3","7","0"
"3","509","cost","ltnk","5","3750","ftnk","6","3600","blue","decided","480","4","0","999","0","166605","117926","6","1","91","3","4","97","3","4.1","0"
"3","510","cost-spotted","ltnk","5","3750","ftnk","6","3600","blue","decided","485","4","0","1002","0","166720","117908","6","1","93","3","4","97","3","4.1","0"
"3","514","1v1","ltnk","1","750","arty","1","600","blue","decided","190","1","0","703","0","7500","2025","1","0","131","3","3","132","3","3","0"
"3","515","cost","ltnk","5","3750","arty","6","3600","blue","decided","275","5","0","1597","0","53984","91880","6","0","109","3","4","107","6","11","0"
"3","516","cost-spotted","ltnk","5","3750","arty","6","3600","blue","decided","310","3","0","1430","0","54008","105645","6","2","121","3","4","107","9","12","0"
"3","517","1v1","ltnk","1","750","mlrs","1","600","blue","decided","325","1","0","743","0","20000","280","1","0","113","1","1","322","-1","-1","0"
"3","518","cost","ltnk","5","3750","mlrs","6","3600","blue","decided","450","5","0","3662","0","119228","3756","6","0","93","2","4.2","128","1","2.2","0"
"3","519","cost-spotted","ltnk","5","3750","mlrs","6","3600","blue","decided","415","5","0","3642","0","118532","4626","6","0","93","2","5.1","124","2","3.2","0"
"3","520","1v1","ltnk","1","750","orca","1","1200","red","decided","620","0","1","0","1200","0","32445","0","1","-1","-1","-1","101","2","6","0"
"3","526","1v1","ftnk","1","600","stnk","1","900","blue","decided","140","1","0","360","0","15000","10810","1","0","127","2","2","105","3","3","0"
"3","527","cost","ftnk","6","3600","stnk","4","3600","blue","decided","270","4","0","1856","0","77220","83477","4","2","95","-1","4.1","81","3","6","0"
"3","528","cost-spotted","ftnk","6","3600","stnk","4","3600","blue","decided","265","3","0","1386","0","73910","103770","4","3","96","-1","4.1","81","3","6.1","0"
"3","529","1v1","ftnk","1","600","arty","1","600","blue","decided","145","1","0","472","0","7500","5775","1","0","141","-1","-1","142","-1","-1","0"
"3","530","cost","ftnk","6","3600","arty","6","3600","blue","decided","365","2","0","648","0","66639","148845","6","4","127","-1","4.1","108","6","10","0"
"3","521","cost","ltnk","5","3750","orca","3","3600","red","decided","2000","0","3","0","3600","0","165290","0","5","-1","-1","-1","84","0","7","0"
"3","523","1v1","ltnk","1","750","heli","1","1200","red","decided","1990","0","1","0","1200","0","32000","0","1","-1","-1","-1","98","2","4","0"
"3","531","cost-spotted","ftnk","6","3600","arty","6","3600","blue","decided","355","1","0","544","0","70720","153100","6","5","141","-1","4.1","103","10","10","0"
"3","532","1v1","ftnk","1","600","mlrs","1","600","blue","decided","270","1","0","600","0","24825","0","1","0","127","1","3","-1","-1","-1","0"
"3","533","cost","ftnk","6","3600","mlrs","6","3600","blue","decided","230","6","0","3425","0","130374","7872","6","0","97","2","4","112","1","3.2","0"
"3","522","cost-spotted","ltnk","5","3750","orca","3","3600","red","decided","2400","0","3","0","3600","0","165239","0","5","-1","-1","-1","84","0","7","0"
"3","534","cost-spotted","ftnk","6","3600","mlrs","6","3600","blue","decided","380","6","0","3481","0","134505","5348","6","0","97","2","4","113","1","2.2","0"
"3","535","1v1","ftnk","1","600","orca","1","1200","red","decided","515","0","1","0","1200","0","27300","0","1","-1","-1","-1","106","2","5","0"
"3","536","cost","ftnk","6","3600","orca","3","3600","red","decided","1000","0","3","0","3600","0","169932","0","6","-1","-1","-1","83","1","7","0"
"3","537","cost-spotted","ftnk","6","3600","orca","3","3600","red","decided","990","0","3","0","3600","0","174989","0","6","-1","-1","-1","83","1","6","0"
"3","541","1v1","stnk","1","900","arty","1","600","blue","decided","125","1","0","900","0","12000","0","1","0","113","5","5","-1","-1","-1","0"
"3","542","cost","stnk","4","3600","arty","6","3600","red","decided","255","0","3","0","1796","36072","74368","3","4","103","5","5.1","107","5","11","0"
"3","543","cost-spotted","stnk","4","3600","arty","6","3600","red","decided","150","0","5","0","2765","14936","67648","1","4","115","6","6","98","9","10","0"
"3","538","1v1","ftnk","1","600","heli","1","1200","red","decided","1640","0","1","0","1200","0","27000","0","1","-1","-1","-1","98","4","4","0"
"3","544","1v1","stnk","1","900","mlrs","1","600","blue","decided","185","1","0","900","0","18000","0","1","0","105","3","3","-1","-1","-1","0"
"3","524","cost","ltnk","5","3750","heli","3","3600","none","timeout","4500","2","3","1251","3600","0","106910","0","3","-1","-1","-1","82","1","4","0"
"3","525","cost-spotted","ltnk","5","3750","heli","3","3600","none","timeout","4500","2","3","795","3600","0","126620","0","3","-1","-1","-1","80","2","4.1","0"
"3","545","cost","stnk","4","3600","mlrs","6","3600","blue","decided","350","4","0","3411","0","113292","3156","6","0","90","3","7","157","-1","2.2","0"
"3","546","cost-spotted","stnk","4","3600","mlrs","6","3600","blue","decided","355","4","0","3113","0","113628","8112","6","0","90","3","6","162","-1","2.2","0"
"3","547","1v1","stnk","1","900","orca","1","1200","blue","decided","110","1","0","732","0","12000","2800","1","0","99","4","4","101","4","4","0"
"3","548","cost","stnk","4","3600","orca","3","3600","blue","decided","185","3","0","2028","0","36000","28000","3","1","82","2","5","84","1","5","0"
"3","549","cost-spotted","stnk","4","3600","orca","3","3600","blue","decided","185","3","0","2169","0","35100","25648","3","1","80","3","6.1","89","-1","5","0"
"3","550","1v1","stnk","1","900","heli","1","1200","red","decided","175","0","1","0","48","12000","15000","0","1","96","3","3","94","3","3","0"
"3","551","cost","stnk","4","3600","heli","3","3600","blue","decided","190","2","0","1620","0","54000","33000","3","2","83","2","4.1","78","3","4","0"
"3","552","cost-spotted","stnk","4","3600","heli","3","3600","blue","decided","190","3","0","2160","0","47640","24000","3","1","81","3","5.1","80","3","4","0"
"3","556","1v1","arty","1","600","orca","1","1200","red","decided","135","0","1","0","1200","0","8400","0","1","-1","-1","-1","113","3","3","0"
"3","555","cost-spotted","arty","6","3600","mlrs","6","3600","blue","decided","355","5","0","2738","0","146024","13016","6","1","106","9","11","169","3","4","0"
"3","557","cost","arty","6","3600","orca","3","3600","red","decided","240","0","3","0","3600","0","50472","0","6","-1","-1","-1","89","1","3","0"
"3","558","cost-spotted","arty","6","3600","orca","3","3600","red","decided","290","0","3","0","3600","0","50584","0","6","-1","-1","-1","89","1","4","0"
"3","559","1v1","arty","1","600","heli","1","1200","red","decided","150","0","1","0","1200","0","7500","0","1","-1","-1","-1","109","2","2","0"
"3","560","cost","arty","6","3600","heli","3","3600","red","decided","200","0","3","0","3600","0","45375","0","6","-1","-1","-1","82","3","3","0"
"3","561","cost-spotted","arty","6","3600","heli","3","3600","red","decided","200","0","3","0","3600","0","45375","0","6","-1","-1","-1","86","1","2","0"
"3","540","cost-spotted","ftnk","6","3600","heli","3","3600","red","decided","2820","0","3","0","3600","0","163455","0","6","-1","-1","-1","80","1","5","0"
"3","563","cost","mlrs","6","3600","orca","3","3600","blue","decided","120","6","0","3222","0","33650","11340","3","0","76","5","8.2","93","-1","4","0"
"3","562","1v1","mlrs","1","600","orca","1","1200","blue","decided","130","1","0","413","0","10000","5600","1","0","105","5","5","109","5","5","0"
"3","553","1v1","arty","1","600","mlrs","1","600","none","stalemate","1270","1","1","600","570","896","0","0","0","142","1","1","-1","-1","-1","0"
"3","564","cost-spotted","mlrs","6","3600","orca","3","3600","blue","decided","140","5","0","2998","0","40100","19648","3","1","78","3","9.1","89","2","5","0"
"3","566","cost","mlrs","6","3600","heli","3","3600","blue","decided","145","5","0","2999","0","43850","18824","3","1","78","4","9.2","82","3","3","0"
"3","565","1v1","mlrs","1","600","heli","1","1200","blue","decided","150","1","0","300","0","15000","9000","1","0","101","4","4","103","4","4","0"
"3","567","cost-spotted","mlrs","6","3600","heli","3","3600","blue","decided","140","6","0","3200","0","42200","12000","3","0","75","5","9.1","88","3","4","0"
"3","554","cost","arty","6","3600","mlrs","6","3600","none","stalemate","1505","4","1","2296","302","125960","17488","5","2","107","3","10","165","3","3","0"
"3","568","1v1","orca","1","1200","heli","1","1200","blue","decided","160","1","0","144","0","12600","8800","1","0","97","3","3","90","3","3","0"
"3","569","cost","orca","3","3600","heli","3","3600","blue","decided","255","1","0","672","0","37800","26400","3","2","84","3","3","81","3","4","0"
"3","570","cost-spotted","orca","3","3600","heli","3","3600","red","decided","275","0","1","0","595","33369","33000","2","3","85","2","4","79","4","4","0"
"3","571","tower","e1","24","2400","gtwr","1","600","red","decided","725","0","1","0","372","15200","132825","0","24","371","4","4.1","275","7","7.3","0"
"3","539","cost","ftnk","6","3600","heli","3","3600","none","timeout","4500","1","3","192","3600","0","154480","0","5","-1","-1","-1","80","1","5","0"
"3","573","tower","e1","24","2400","gun","1","600","blue","decided","765","23","0","2131","0","41000","13800","1","1","317","4","4.1","276","5","5","0"
"3","572","tower","e1","24","2400","atwr","1","1000","red","decided","1145","0","1","0","153","46600","126751","0","24","334","4","4.1","270","8","8.1","0"
"3","575","tower","e1","24","2400","sam","1","650","blue","decided","1080","24","0","2400","0","40000","0","1","0","327","3","4.1","-1","-1","-1","0"
"3","578","tower","e2","15","2400","gtwr","1","600","blue","decided","460","8","0","543","0","41725","61234","1","7","331","4","4","221","7","7.1","0"
"3","574","tower","e1","24","2400","obli","1","1500","blue","decided","1270","12","0","1200","0","75000","432000","1","12","329","4","4.1","297","-1","-1","0"
"3","579","tower","e2","15","2400","atwr","1","1000","blue","decided","440","12","0","1120","0","55000","40693","1","3","300","-1","4","219","7","7.1","0"
"3","580","tower","e2","15","2400","gun","1","600","blue","decided","385","15","0","2231","0","41875","5268","1","0","293","4","4","227","5","5","0"
"3","577","raid","e1","12","1200","proc","1","1500","blue","decided","935","12","0","1200","0","100200","0","1","0","327","3.2","4.5","-1","-1","-1","0"
"3","581","tower","e2","15","2400","obli","1","1500","blue","decided","445","12","0","1862","0","76475","74248","1","3","313","3","4","243","-1","-1","0"
"3","582","tower","e2","15","2400","sam","1","650","blue","decided","450","15","0","2400","0","41222","0","1","0","297","3","4.1","-1","-1","-1","0"
"3","576","raid","e1","12","1200","harv","1","1100","blue","decided","1420","12","0","1200","0","62500","0","1","0","317","4","4","-1","-1","-1","0"
"3","583","raid","e2","8","1280","harv","1","1100","blue","decided","570","8","0","1280","0","63189","0","1","0","291","4","4","-1","-1","-1","0"
"3","584","raid","e2","8","1280","proc","1","1500","blue","decided","565","8","0","1280","0","100000","0","1","0","295","3.2","4.1","-1","-1","-1","0"
"3","585","tower","e3","8","2400","gtwr","1","600","red","decided","665","0","1","0","23","38500","40500","0","8","405","6","6","386","6","8.1","0"
"3","586","tower","e3","8","2400","atwr","1","1000","blue","decided","670","5","0","653","0","56000","27086","1","3","410","6","6","373","8.1","8.1","0"
"3","587","tower","e3","8","2400","gun","1","600","blue","decided","585","8","0","1916","0","42000","7260","1","0","405","6","6","389","6","6","0"
"3","589","tower","e3","8","2400","sam","1","650","blue","decided","650","8","0","2400","0","40250","0","1","0","428","5","6.1","-1","-1","-1","0"
"3","588","tower","e3","8","2400","obli","1","1500","blue","decided","765","2","0","600","0","77000","195480","1","6","405","-1","6","386","-1","-1","0"
"3","592","tower","e4","12","2400","gtwr","1","600","blue","decided","495","10","0","1461","0","40000","44730","1","2","377","3","3","275","7.1","7.3","0"
"3","590","raid","e3","4","1200","harv","1","1100","blue","decided","735","4","0","1200","0","63000","0","1","0","457","6","6","-1","-1","-1","0"
"3","593","tower","e4","12","2400","atwr","1","1000","blue","decided","515","11","0","1646","0","56000","34058","1","1","379","3","3","271","8.1","8.2","0"
"3","594","tower","e4","12","2400","gun","1","600","blue","decided","450","12","0","2292","0","44000","4880","1","0","358","3","3","283","5.1","5.1","0"
"3","595","tower","e4","12","2400","obli","1","1500","blue","decided","475","10","0","2000","0","76000","72000","1","2","360","3","3","294","-1","-1","0"
"3","591","raid","e3","4","1200","proc","1","1500","blue","decided","950","4","0","1200","0","101500","0","1","0","470","5.1","6.1","-1","-1","-1","0"
"3","596","tower","e4","12","2400","sam","1","650","blue","decided","485","12","0","2400","0","40000","0","1","0","353","3.2","3.2","-1","-1","-1","0"
"3","598","raid","e4","6","1200","proc","1","1500","blue","decided","590","6","0","1200","0","100000","0","1","0","348","2.2","3.2","-1","-1","-1","0"
"3","601","tower","e5","8","2400","gun","1","600","blue","decided","455","8","0","2186","0","42000","6412","1","0","375","3","3","278","5.1","5.1","0"
"3","599","tower","e5","8","2400","gtwr","1","600","blue","decided","500","7","0","1393","0","42000","31620","1","1","375","3","3","278","7.1","7.1","0"
"3","600","tower","e5","8","2400","atwr","1","1000","blue","decided","510","7","0","1492","0","60000","27599","1","1","376","3","3","276","7.1","7.1","0"
"3","602","tower","e5","8","2400","obli","1","1500","blue","decided","510","5","0","1500","0","78000","108000","1","3","370","2","3","296","-1","-1","0"
"3","603","tower","e5","8","2400","sam","1","650","blue","decided","490","8","0","2400","0","42000","0","1","0","356","2","3.2","-1","-1","-1","0"
"3","604","raid","e5","4","1200","harv","1","1100","blue","decided","550","4","0","1199","0","66000","36","1","0","375","3","3","548","-1","-1","0"
"3","597","raid","e4","6","1200","harv","1","1100","blue","decided","1810","6","0","1199","0","62800","36","1","0","337","3","3","1810","-1","-1","0"
"3","605","raid","e5","4","1200","proc","1","1500","blue","decided","970","4","0","1200","0","100800","0","1","0","386","2.2","3.2","-1","-1","-1","0"
"3","606","tower","rmbo","2","3000","gtwr","1","600","none","stalemate","1125","2","1","3000","600","0","0","0","0","-1","-1","-1","-1","-1","-1","0"
"3","607","tower","rmbo","2","3000","atwr","1","1000","none","stalemate","1125","2","1","3000","1000","0","0","0","0","-1","-1","-1","-1","-1","-1","0"
"3","608","tower","rmbo","2","3000","gun","1","600","none","stalemate","1125","2","1","3000","600","0","0","0","0","-1","-1","-1","-1","-1","-1","0"
"3","609","tower","rmbo","2","3000","obli","1","1500","none","stalemate","1125","2","1","3000","1500","0","0","0","0","-1","-1","-1","-1","-1","-1","0"
"3","614","tower","jeep","6","2400","atwr","1","1000","red","decided","570","0","1","0","755","13455","104874","0","6","120","4","4","113","6","6","0"
"3","613","tower","jeep","6","2400","gtwr","1","600","red","decided","710","0","1","0","170","28635","99774","0","6","120","4","4","111","6","7","0"
"3","610","tower","rmbo","2","3000","sam","1","650","none","stalemate","1125","2","1","3000","650","0","0","0","0","-1","-1","-1","-1","-1","-1","0"
"3","611","raid","rmbo","1","1500","harv","1","1100","none","stalemate","1125","1","1","1500","1100","0","0","0","0","-1","-1","-1","-1","-1","-1","0"
"3","615","tower","jeep","6","2400","gun","1","600","red","decided","575","0","1","0","388","14490","99984","0","6","120","4","4","113","4","4","0"
"3","612","raid","rmbo","1","1500","proc","1","1500","none","stalemate","1125","1","1","1500","1500","0","0","0","0","-1","-1","-1","-1","-1","-1","0"
"3","616","tower","jeep","6","2400","obli","1","1500","red","decided","600","0","1","0","1210","14490","223056","0","6","120","4","4","146","-1","-1","0"
"3","621","tower","apc","4","2400","atwr","1","1000","red","decided","525","0","1","0","636","20000","81020","0","4","150","5","5","144","5","7","0"
"3","620","tower","apc","4","2400","gtwr","1","600","blue","decided","595","4","0","1387","0","40000","32085","1","0","150","5","5","136","7","8","0"
"3","617","tower","jeep","6","2400","sam","1","650","blue","decided","1125","6","0","2400","0","40025","0","1","0","119","3","4","-1","-1","-1","0"
"3","622","tower","apc","4","2400","gun","1","600","red","decided","540","0","1","0","333","18250","81890","0","4","150","5","5","142","5","5","0"
"3","623","tower","apc","4","2400","obli","1","1500","red","decided","445","0","1","0","1315","9250","144860","0","4","150","5","5","172","-1","-1","0"
"3","618","raid","jeep","3","1200","harv","1","1100","blue","decided","1610","3","0","1200","0","62560","0","1","0","140","3","4","-1","-1","-1","0"
"3","627","tower","mtnk","3","2700","gtwr","1","600","blue","decided","435","3","0","2487","0","40000","10674","1","0","271","4.1","4.5","249","7.3","7.3","0"
"3","624","tower","apc","4","2400","sam","1","650","blue","decided","915","4","0","2400","0","40000","0","1","0","147","4","5","-1","-1","-1","0"
"3","628","tower","mtnk","3","2700","atwr","1","1000","blue","decided","475","3","0","1758","0","56000","47100","1","0","271","4.1","4.5","253","7.3","7.3","0"
"3","629","tower","mtnk","3","2700","gun","1","600","blue","decided","435","3","0","1902","0","44000","39920","1","0","271","4.1","4.5","254","5.1","5.1","0"
"3","625","raid","apc","2","1200","harv","1","1100","blue","decided","1290","2","0","1200","0","62500","0","1","0","163","4","5","-1","-1","-1","0"
"3","619","raid","jeep","3","1200","proc","1","1500","blue","decided","2485","3","0","1200","0","100050","0","1","0","140","3.2","4.1","-1","-1","-1","0"
"3","630","tower","mtnk","3","2700","obli","1","1500","blue","decided","715","1","0","176","0","76000","180470","1","2","271","4.1","4.5","278","4.1","4.5","0"
"3","631","tower","mtnk","3","2700","sam","1","650","blue","decided","590","3","0","2700","0","40000","0","1","0","272","4","4.1","-1","-1","-1","0"
"3","626","raid","apc","2","1200","proc","1","1500","blue","decided","1960","2","0","1200","0","100000","0","1","0","160","4.1","5.1","-1","-1","-1","0"
"3","632","raid","mtnk","1","900","harv","1","1100","blue","decided","900","1","0","900","0","64000","0","1","0","299","4.1","4.1","-1","-1","-1","0"
"3","634","tower","htnk","1","1800","gtwr","1","600","blue","decided","610","1","0","1651","0","41200","7200","1","0","464","4.1","4.1","435","5.1","5.1","0"
"3","635","tower","htnk","1","1800","atwr","1","1000","blue","decided","665","1","0","931","0","55400","42000","1","0","464","4.1","4.1","428","5.1","5.1","0"
"3","636","tower","htnk","1","1800","gun","1","600","blue","decided","610","1","0","1055","0","41200","36000","1","0","464","4.1","4.1","437","5.1","5.1","0"
"3","633","raid","mtnk","1","900","proc","1","1500","blue","decided","1255","1","0","900","0","100000","0","1","0","297","4.1","4.1","-1","-1","-1","0"
"3","637","tower","htnk","1","1800","obli","1","1500","red","decided","630","0","1","0","596","45200","108000","0","1","464","4.1","4.1","450","4.1","4.1","0"
"3","641","tower","msam","3","2700","gtwr","1","600","blue","decided","405","3","0","2700","0","41100","0","1","0","217","11","11","-1","-1","-1","0"
"3","639","raid","htnk","1","1800","harv","1","1100","blue","decided","710","1","0","1800","0","63800","0","1","0","464","4.1","4.1","-1","-1","-1","0"
"3","638","tower","htnk","1","1800","sam","1","650","blue","decided","775","1","0","1800","0","40100","0","1","0","466","4","4","-1","-1","-1","0"
"3","640","raid","htnk","1","1800","proc","1","1500","blue","decided","805","1","0","1800","0","103600","0","1","0","459","4.1","4.1","-1","-1","-1","0"
"3","642","tower","msam","3","2700","atwr","1","1000","blue","decided","435","3","0","2700","0","55824","0","1","0","217","11","11","-1","-1","-1","0"
"3","643","tower","msam","3","2700","gun","1","600","blue","decided","405","3","0","2700","0","41628","0","1","0","217","11","11","-1","-1","-1","0"
"3","644","tower","msam","3","2700","obli","1","1500","blue","decided","510","3","0","2700","0","75756","0","1","0","218","11","11","-1","-1","-1","0"
"3","645","tower","msam","3","2700","sam","1","650","blue","decided","535","3","0","2700","0","40464","0","1","0","222","10","11","-1","-1","-1","0"
"3","649","tower","bggy","8","2400","atwr","1","1000","red","decided","595","0","1","0","687","17200","106128","0","8","103","4","4","101","5","6.1","0"
"3","646","raid","msam","1","900","harv","1","1100","blue","decided","980","1","0","900","0","63012","0","1","0","246","11","11","-1","-1","-1","0"
"3","648","tower","bggy","8","2400","gtwr","1","600","red","decided","790","0","1","0","75","35000","100374","0","8","103","4","4","91","7","7","0"
"3","650","tower","bggy","8","2400","gun","1","600","red","decided","575","0","1","0","350","17100","108144","0","8","103","4","4","114","4","4","0"
"3","647","raid","msam","1","900","proc","1","1500","blue","decided","1085","1","0","900","0","100470","0","1","0","249","10","10","-1","-1","-1","0"
"3","651","tower","bggy","8","2400","obli","1","1500","red","decided","765","0","1","0","1028","23600","301248","0","8","103","4","4","135","-1","-1","0"
"3","655","tower","bike","5","2500","gtwr","1","600","blue","decided","290","4","0","1059","0","40300","33309","1","1","114","6","6","92","6","9","0"
"3","657","tower","bike","5","2500","gun","1","600","blue","decided","280","2","0","772","0","43400","44112","1","3","114","6","6","96","6","6","0"
"3","656","tower","bike","5","2500","atwr","1","1000","red","decided","365","0","1","0","155","46500","63240","0","5","114","6","6","101","6","8","0"
"3","658","tower","bike","5","2500","obli","1","1500","blue","decided","435","1","0","467","0","77500","147744","1","4","114","6","6","129","-1","-1","0"
"3","652","tower","bggy","8","2400","sam","1","650","blue","decided","975","8","0","2400","0","40000","0","1","0","102","3","4","-1","-1","-1","0"
"3","659","tower","bike","5","2500","sam","1","650","blue","decided","315","5","0","2500","0","40300","0","1","0","118","5","6","-1","-1","-1","0"
"3","660","raid","bike","2","1000","harv","1","1100","blue","decided","480","2","0","1000","0","65100","0","1","0","130","6","6","-1","-1","-1","0"
"3","662","tower","ltnk","3","2250","gtwr","1","600","blue","decided","440","3","0","1889","0","41800","15408","1","0","200","4","4","178","7","7","0"
"3","653","raid","bggy","4","1200","harv","1","1100","blue","decided","1405","4","0","1199","0","62500","24","1","0","114","3","4","1402","-1","-1","0"
"3","663","tower","ltnk","3","2250","atwr","1","1000","blue","decided","570","1","0","588","0","55000","74360","1","2","200","4","4","185","6","6","0"
"3","664","tower","ltnk","3","2250","gun","1","600","blue","decided","480","2","0","836","0","41800","61260","1","1","200","4","4","183","4","4","0"
"3","661","raid","bike","2","1000","proc","1","1500","blue","decided","860","2","0","1000","0","101200","0","1","0","129","5.1","6.1","-1","-1","-1","0"
"3","665","tower","ltnk","3","2250","obli","1","1500","red","decided","400","0","1","0","1192","15400","108300","0","3","200","4","4","216","-1","-1","0"
"3","666","tower","ltnk","3","2250","sam","1","650","blue","decided","585","3","0","2250","0","40700","0","1","0","199","3","4","-1","-1","-1","0"
"3","669","tower","ftnk","4","2400","gtwr","1","600","blue","decided","310","4","0","2252","0","45000","6678","1","0","224","3.2","3.2","191","6","6","0"
"3","654","raid","bggy","4","1200","proc","1","1500","blue","decided","2165","4","0","1200","0","100000","0","1","0","114","3.2","4.1","-1","-1","-1","0"
"3","670","tower","ftnk","4","2400","atwr","1","1000","blue","decided","320","4","0","1714","0","60000","30870","1","0","224","3.2","3.2","190","6","6","0"
"3","667","raid","ltnk","2","1500","harv","1","1100","blue","decided","630","2","0","1500","0","63800","0","1","0","209","3","4","-1","-1","-1","0"
"3","671","tower","ftnk","4","2400","gun","1","600","blue","decided","310","4","0","1833","0","45000","25520","1","0","224","3.2","3.2","191","5.1","5.1","0"
"3","668","raid","ltnk","2","1500","proc","1","1500","blue","decided","900","2","0","1500","0","101200","0","1","0","207","3.2","4.1","-1","-1","-1","0"
"3","672","tower","ftnk","4","2400","obli","1","1500","red","decided","490","0","1","0","374","56295","165850","0","4","217","-1","3.2","217","-1","-1","0"
"3","673","tower","ftnk","4","2400","sam","1","650","blue","decided","385","4","0","2400","0","41250","0","1","0","230","3","3","-1","-1","-1","0"
"3","676","tower","stnk","3","2700","gtwr","1","600","blue","decided","300","3","0","2700","0","43200","0","1","0","171","7","7","-1","-1","-1","0"
"3","675","raid","ftnk","2","1200","proc","1","1500","blue","decided","500","2","0","1200","0","105000","0","1","0","244","3.2","3.2","-1","-1","-1","0"
"3","678","tower","stnk","3","2700","gun","1","600","blue","decided","295","3","0","2700","0","43200","0","1","0","170","7","7","-1","-1","-1","0"
"3","677","tower","stnk","3","2700","atwr","1","1000","blue","decided","370","1","0","189","0","59400","43410","1","2","170","7","7","166","7","9","0"
"3","674","raid","ftnk","2","1200","harv","1","1100","blue","decided","865","2","0","1200","0","63000","0","1","0","246","3.2","3.2","-1","-1","-1","0"
"3","680","tower","stnk","3","2700","sam","1","650","blue","decided","340","3","0","2700","0","40500","0","1","0","169","6","7","-1","-1","-1","0"
"3","681","raid","stnk","1","900","harv","1","1100","blue","decided","600","1","0","900","0","64800","0","1","0","186","7","7","-1","-1","-1","0"
"3","683","tower","arty","4","2400","gtwr","1","600","blue","decided","440","4","0","2400","0","42525","0","1","0","227","11","11","-1","-1","-1","0"
"3","685","tower","arty","4","2400","gun","1","600","blue","decided","420","4","0","2400","0","46575","0","1","0","226","11","11","-1","-1","-1","0"
"3","684","tower","arty","4","2400","atwr","1","1000","blue","decided","450","4","0","2400","0","57075","0","1","0","223","11","11","-1","-1","-1","0"
"3","686","tower","arty","4","2400","obli","1","1500","blue","decided","520","4","0","2400","0","79275","0","1","0","221","11","11","-1","-1","-1","0"
"3","687","tower","arty","4","2400","sam","1","650","blue","decided","465","4","0","2400","0","40199","0","1","0","227","10","11","-1","-1","-1","0"
"3","682","raid","stnk","1","900","proc","1","1500","blue","decided","1065","1","0","900","0","103500","0","1","0","184","6.1","6.1","-1","-1","-1","0"
"3","679","tower","stnk","3","2700","obli","1","1500","none","stalemate","1435","1","1","900","960","27000","72000","0","2","170","7","7","192","-1","-1","0"
"3","688","raid","arty","2","1200","harv","1","1100","blue","decided","580","2","0","1200","0","64650","0","1","0","251","11","11","-1","-1","-1","0"
"3","689","raid","arty","2","1200","proc","1","1500","blue","decided","580","2","0","1200","0","108800","0","1","0","255","10","11","-1","-1","-1","0"
"3","690","tower","mlrs","4","2400","gtwr","1","600","none","stalemate","1125","4","1","2400","600","0","0","0","0","-1","-1","-1","-1","-1","-1","0"
"3","691","tower","mlrs","4","2400","atwr","1","1000","none","stalemate","1125","4","1","2400","1000","0","0","0","0","-1","-1","-1","-1","-1","-1","0"
"3","692","tower","mlrs","4","2400","gun","1","600","none","stalemate","1125","4","1","2400","600","0","0","0","0","-1","-1","-1","-1","-1","-1","0"
"3","693","tower","mlrs","4","2400","obli","1","1500","none","stalemate","1125","4","1","2400","1500","0","0","0","0","-1","-1","-1","-1","-1","-1","0"
"3","694","tower","mlrs","4","2400","sam","1","650","none","stalemate","1125","4","1","2400","650","0","0","0","0","-1","-1","-1","-1","-1","-1","0"
"3","695","raid","mlrs","2","1200","harv","1","1100","none","stalemate","1125","2","1","1200","1100","0","0","0","0","-1","-1","-1","-1","-1","-1","0"
"3","698","tower","orca","2","2400","atwr","1","1000","red","decided","215","0","1","0","809","10500","23450","0","2","155","5","5","133","7","7","0"
"3","701","tower","orca","2","2400","sam","1","650","red","decided","225","0","1","0","445","12600","22015","0","2","155","5","5","143","5","5","0"
"3","697","tower","orca","2","2400","gtwr","1","600","blue","decided","870","2","0","2400","0","42000","0","1","0","155","5","5","-1","-1","-1","0"
"3","699","tower","orca","2","2400","gun","1","600","blue","decided","870","2","0","2400","0","42000","0","1","0","155","5","5","-1","-1","-1","0"
"3","696","raid","mlrs","2","1200","proc","1","1500","none","stalemate","1125","2","1","1200","1500","0","0","0","0","-1","-1","-1","-1","-1","-1","0"
"3","705","tower","heli","2","2400","atwr","1","1000","red","decided","250","0","1","0","909","5000","27335","0","2","148","4","4","139","7","7","0"
"3","702","raid","orca","1","1200","harv","1","1100","blue","decided","1375","1","0","1200","0","63000","0","1","0","163","5","5","-1","-1","-1","0"
"3","700","tower","orca","2","2400","obli","1","1500","blue","decided","1670","2","0","2400","0","75600","0","1","0","155","5","5","-1","-1","-1","0"
"3","708","tower","heli","2","2400","sam","1","650","red","decided","220","0","1","0","569","5000","26845","0","2","148","4","4","140","5","5","0"
"3","703","raid","orca","1","1200","proc","1","1500","blue","decided","1675","1","0","1200","0","100800","0","1","0","162","5.1","5.1","-1","-1","-1","0"
"3","704","tower","heli","2","2400","gtwr","1","600","blue","decided","2600","2","0","2400","0","40000","0","1","0","148","4","4","-1","-1","-1","0"
"3","706","tower","heli","2","2400","gun","1","600","blue","decided","2670","2","0","2400","0","41000","0","1","0","148","4","4","-1","-1","-1","0"
"3","710","raid","heli","1","1200","proc","1","1500","blue","decided","2185","1","0","1200","0","100500","0","1","0","155","4.1","4.1","-1","-1","-1","0"
"3","707","tower","heli","2","2400","obli","1","1500","none","timeout","4500","2","1","2400","160","67000","0","0","0","148","4","4","-1","-1","-1","0"
"3","709","raid","heli","1","1200","harv","1","1100","blue","decided","4220","1","0","1200","0","62500","0","1","0","156","4","4","-1","-1","-1","0"
